<?xml version="1.0" encoding="UTF-8" standalone="yes"?>
<addon id="script.plexmod"
       name="Plex"
       version="0.7.2"
       provider-name="pannal">
    <requires>
        <import addon="xbmc.python" version="2.26.0"/>
        <import addon="script.module.requests" version="2.22.0" />
        <import addon="script.module.six" version="1.15.0" />
        <import addon="script.module.kodi-six" version="0.1.3" />
    </requires>
    <extension point="xbmc.python.script" library="default.py">
        <provides>video</provides>
    </extension>
    <extension point="xbmc.python.pluginsource" library="plugin.py">
        <provides>executable</provides>
    </extension>
    <extension point="xbmc.service" library="service.py" />
    <extension point="xbmc.addon.metadata">
        <summary lang="en_GB">PlexMod for Kodi</summary>
        <description lang="en_GB">Unofficial Plex for Kodi add-on</description>
        <license>GPL-2.0-only</license>
        <forum>https://forums.plex.tv/t/plexmod-for-kodi-18-19-20-21/481208</forum>
        <website>https://www.plex.tv</website>
        <source>https://github.com/pannal/plex-for-kodi</source>
        <platform>all</platform>
        <news>
- Fix: playing next episode when episode played threshold was met when hitting STOP button
- Fix: Dropdown would roundrobin falsely onup item when initial item wasn't item 0
- Fix: Movies: pressing back in a scrolled movie view with the header options open wouldn't back out properly
- Fix: Reset library filters when Role/Cast view opened
- Fix: Cast display in movies/preplay
- Fix: Apply dialog flicker fix in Role/Cast
- Fix: Dropdowns were broken sometimes (especially library view)
- Fix: Addon crash on non-default Kodi (e.g. OSMC) due to System.BuildVersion not matching Kodi's default
- Fix: Error on no data returned on PlexObject.reload (disconnect); Handle connection errors more gracefully
- Fix: Background of info page (thanks @bowlingbeeg)
- Fix: Rare SeekDialog crashes between episodes
- Fix: OpenSubtitles not finding subtitles for certain Movies

- Core: Harden against network disconnects in multiple views, home and videoplayer/seekdialog
- Core: Re-enable backing out of videoplayer (inbetween screen)
- Core: Player: Alternative implementation of bingeMode auto-next; ignore stop events when triggering non-user-stop
- Core: Add setting for poster/thumbnail resolution scaling, implement in home
- Core: Thumbnails/Art: use the same parameters as PlexWeb for images
- SeekDialog: Possible fix for OSD not coming up again in some scenarios
        </news>
        <assets>
            <icon>icon.png</icon>
            <fanart>fanart.jpg</fanart>
        </assets>
    </extension>
</addon>
