<?xml version="1.0" encoding="UTF-8" standalone="yes"?>
<addon id="script.mcfontface" name="McFontFace" version="0.0.1" provider-name="pannal">
	<requires>
		<import addon="xbmc.python" version="3.0.0"/>
        <import addon="script.module.six" version="1.15.0+matrix.1"/>
        <import addon="script.module.kodi-six" version="0.1.3.1" />
	</requires>
	<extension point="xbmc.python.script" library="default.py">
        <provides>executable</provides>
    </extension>
    <extension point="kodi.context.item">
        <menu id="kodi.core.main">
            <item library="default.py" args="only_cleanup">
                <label>32003</label>
                <visible>true</visible>
            </item>
            <item library="default.py" args="cleanup_install">
                <label>32004</label>
                <visible>true</visible>
            </item>
        </menu>
    </extension>
    <extension point="kodi.resource.font" />
	<extension point="xbmc.addon.metadata">
		<summary lang="en_GB">Add more fonts to Kodi</summary>
		<description lang="en_GB">A script to add fonts to a Kodi installation. Some sans-serif font alternatives included.</description>
		<platform>all</platform>
		<license>GPL-2.0-only</license>
		<forum>https://forums.plex.tv/t/pm4k-plexmod-for-kodi-18-19-20-21-22</forum>
		<source>https://github.com/pannal/script.mcfontface/</source>
		<assets>
			<icon>icon.png</icon>
			<fanart>resources/fanart.jpg</fanart>
		</assets>
		<news>- initial commit</news>
	</extension>
</addon>