<?xml version="1.0" encoding="UTF-8" standalone="yes"?>
<addon id="script.plexmod"
       name="Plex"
       version="0.5.0"
       provider-name="pannal">
    <requires>
        <import addon="xbmc.python" version="3.0.0"/>
        <import addon="script.module.requests" version="2.27.1+matrix.1"/>
        <import addon="script.module.six" version="1.15.0+matrix.1"/>
        <import addon="script.module.kodi-six" version="0.1.3.1" />
    </requires>
    <extension point="xbmc.python.script" library="default.py">
        <provides>video</provides>
    </extension>
    <extension point="xbmc.python.pluginsource" library="plugin.py">
        <provides>executable</provides>
    </extension>
    <extension point="xbmc.service" library="service.py" />
    <extension point="xbmc.addon.metadata">
        <summary lang="en_GB">PlexMod for Kodi</summary>
        <description lang="en_GB">Unofficial Plex for Kodi add-on</description>
        <license>GPL-2.0-only</license>
        <forum>https://forums.plex.tv/t/plexmod-for-kodi-18-19-20</forum>
        <website>https://www.plex.tv</website>
        <source>https://github.com/pannal/plex-for-kodi</source>
        <platform>all</platform>
        <news>
            implement multiple markers per video file
            add skip credits Plex-style (skip to post-credit scene if applicable or skip to end)
            add auto skip credits feature
            actually respect DirectPlay=Off and DirectStream=Off
            fix directstream/transcoding (DS never worked apart from h264)
            fix transcoded audio always being MP3
            deviate from Web-client-based profile to own dynamic profile
            allow directplay/stream/transcode of virtually anything on Kodi
            add settings to force directstream/transcoded audio to AC3 and/or DTS (for passthrough)
            add setting to limit directstream/transcoded audio to original audio bitrate/channels
            add setting to limit directstream/transcoded audio to Kodi audio channel setting
            prevent PMS transcoding audio to higher channel count than original audio
            show video codec in preplay screen
            settings: round-robin when at the end of the left heading list
            stream status dialog: show HW encoding state
            replace progressive jpg files (thanks @shyzus)

            note: massive thanks to @hbb for reporting the MP3 issue and sticking with me for the whole process of figuring out how to do audio stuff in a Plex client
        </news>
        <assets>
            <icon>icon.png</icon>
            <fanart>fanart.jpg</fanart>
        </assets>
    </extension>
</addon>
