<?xml version="1.0" encoding="UTF-8" standalone="yes"?>
<window>
    <defaultcontrol>100</defaultcontrol>
    <coordinates>
        <system>1</system>
        <posx>0</posx>
        <posy>0</posy>
    </coordinates>
    <backgroundcolor>$INFO[Window.Property(background_colour)]</backgroundcolor>
    <controls>
        <control type="group">
            <visible>String.IsEmpty(Window.Property(use_solid_background))</visible>
            <control type="image">
                <visible>String.IsEmpty(Window.Property(use_bg_fallback))</visible>
                <posx>0</posx>
                <posy>0</posy>
                <width>1920</width>
                <height>1080</height>
                <texture background="true">script.plex/home/background-fallback_black.png</texture>
            </control>
            <control type="image">
                <visible>!String.IsEmpty(Window.Property(use_bg_fallback))</visible>
                <posx>0</posx>
                <posy>0</posy>
                <width>1920</width>
                <height>1080</height>
                <texture background="true">script.plex/home/background-fallback.png</texture>
            </control>
            <control type="image">
                <visible>String.IsEmpty(Window.Property(use_bg_fallback))</visible>
                <posx>0</posx>
                <posy>0</posy>
                <width>1920</width>
                <height>1080</height>
                <texture background="true" fallback="script.plex/home/background-fallback_black.png">$INFO[Window.Property(background_static)]</texture>
            </control>
            <control type="image">
                <visible>String.IsEmpty(Window.Property(use_bg_fallback))</visible>
                <posx>0</posx>
                <posy>0</posy>
                <width>1920</width>
                <height>1080</height>
                <fadetime>1000</fadetime>
                <texture background="true">$INFO[Window.Property(background)]</texture>
            </control>
        </control>

        <control type="group" id="50">
            <animation effect="slide" time="200" end="0,-218" tween="quadratic" easing="out" condition="Integer.IsGreater(Container(101).ListItem.Property(index),9)">Conditional</animation>
            <posx>0</posx>
            <posy>135</posy>
            <defaultcontrol>101</defaultcontrol>

            <control type="grouplist" id="300">
                <animation effect="fade" start="0" end="100" time="200" reversible="true">VisibleChange</animation>
                <visible>!Integer.IsGreater(Container(101).ListItem.Property(index),9) + String.IsEmpty(Window.Property(no.content)) + String.IsEmpty(Window.Property(no.content.filtered)) + !String.IsEmpty(Window.Property(initialized))</visible>
                <defaultcontrol>301</defaultcontrol>
                <posx>30</posx>
                <posy>-25</posy>
                <width>1000</width>
                <height>145</height>
                <onup>200</onup>
                <ondown>101</ondown>
                <itemgap>-20</itemgap>
                <orientation>horizontal</orientation>
                <scrolltime tween="quadratic" easing="out">200</scrolltime>
                <usecontrolcoords>true</usecontrolcoords>
                <control type="button" id="301">
                    <hitrect x="20" y="20" w="86" h="60" />
                    <visible>!String.IsEqual(Window(10000).Property(script.plex.item.type),collection) | String.IsEqual(Window.Property(media),collection)</visible>
                    <animation effect="zoom" start="100" end="143" time="100" center="63,50" reversible="false">Focus</animation>
                    <animation effect="zoom" start="143" end="100" time="100" center="63,50" reversible="false">UnFocus</animation>
                    <posx>0</posx>
                    <posy>0</posy>
                    <width>126</width>
                    <height>100</height>
                    <font>font12</font>
                    <texturefocus colordiffuse="FFE5A00D">script.plex/buttons/play-focus.png</texturefocus>
                    <texturenofocus colordiffuse="99FFFFFF">script.plex/buttons/play.png</texturenofocus>
                    <label> </label>
                </control>
                <control type="button" id="302">
                    <hitrect x="20" y="20" w="86" h="60" />
                    <visible>!String.IsEqual(Window(10000).Property(script.plex.item.type),collection) | String.IsEqual(Window.Property(media),collection)</visible>
                    <animation effect="zoom" start="100" end="143" time="100" center="63,50" reversible="false">Focus</animation>
                    <animation effect="zoom" start="143" end="100" time="100" center="63,50" reversible="false">UnFocus</animation>
                    <posx>0</posx>
                    <posy>0</posy>
                    <width>126</width>
                    <height>100</height>
                    <font>font12</font>
                    <texturefocus colordiffuse="FFE5A00D">script.plex/buttons/shuffle-focus.png</texturefocus>
                    <texturenofocus colordiffuse="99FFFFFF">script.plex/buttons/shuffle.png</texturenofocus>
                    <label> </label>
                </control>
                <control type="button" id="303">
                    <hitrect x="20" y="20" w="86" h="60" />
                    <visible>String.IsEmpty(Window.Property(no.options)) | Player.HasAudio</visible>
                    <animation effect="zoom" start="100" end="143" time="100" center="63,50" reversible="false">Focus</animation>
                    <animation effect="zoom" start="143" end="100" time="100" center="63,50" reversible="false">UnFocus</animation>
                    <posx>0</posx>
                    <posy>0</posy>
                    <width>126</width>
                    <height>100</height>
                    <font>font12</font>
                    <texturefocus colordiffuse="FFE5A00D">script.plex/buttons/more-focus.png</texturefocus>
                    <texturenofocus colordiffuse="99FFFFFF">script.plex/buttons/more.png</texturenofocus>
                    <label> </label>
                </control>
                <control type="button" id="304">
                    <hitrect x="20" y="20" w="86" h="60" />
                    <animation effect="zoom" start="100" end="143" time="100" center="63,50" reversible="false">Focus</animation>
                    <animation effect="zoom" start="143" end="100" time="100" center="63,50" reversible="false">UnFocus</animation>
                    <posx>0</posx>
                    <posy>0</posy>
                    <width>126</width>
                    <height>100</height>
                    <font>font12</font>
                    <texturefocus colordiffuse="FFE5A00D">script.plex/buttons/chapters-focus.png</texturefocus>
                    <texturenofocus colordiffuse="99FFFFFF">script.plex/buttons/chapters.png</texturenofocus>
                    <label> </label>
                </control>
            </control>

            <control type="group" id="100">
                <visible>Integer.IsGreater(Container(101).NumItems,0) + String.IsEmpty(Window.Property(drawing))</visible>
                <defaultcontrol>101</defaultcontrol>
                <posx>0</posx>
                <posy>-35</posy>
                <width>1920</width>
                <height>1080</height>
                <control type="panel" id="101">
                    <hitrect x="0" y="95" w="1780" h="1185" />
                    <posx>0</posx>
                    <posy>0</posy>
                    <width>1800</width>
                    <height>1190</height>
                    <onup>300</onup>
                    <onright>151</onright>
                    <scrolltime>200</scrolltime>
                    <orientation>vertical</orientation>
                    <preloaditems>2</preloaditems>
                    <pagecontrol>152</pagecontrol>
                    <!-- ITEM LAYOUT ########################################## -->
                    <itemlayout width="170" height="262">
                        <control type="group">
                            <posx>55</posx>
                            <posy>137</posy>
                            <control type="group">
                                <posx>5</posx>
                                <posy>5</posy>
                                <control type="image">
                                    <posx>0</posx>
                                    <posy>0</posy>
                                    <width>144</width>
                                    <height>213</height>
                                    <texture>$INFO[ListItem.Property(thumb.fallback)]</texture>
                                </control>
                                <control type="image">
                                    <posx>0</posx>
                                    <posy>0</posy>
                                    <width>144</width>
                                    <height>213</height>
                                    <texture background="true">$INFO[ListItem.Thumb]</texture>
                                    <aspectratio>scale</aspectratio>
                                </control>
                                <control type="group">
                                    <visible>!String.IsEmpty(ListItem.Property(progress))</visible>
                                    <posx>0</posx>
                                    <posy>203</posy>
                                    <control type="image">
                                        <posx>0</posx>
                                        <posy>0</posy>
                                        <width>144</width>
                                        <height>10</height>
                                        <texture>script.plex/white-square.png</texture>
                                        <colordiffuse>C0000000</colordiffuse>
                                    </control>
                                    <control type="image">
                                        <posx>0</posx>
                                        <posy>1</posy>
                                        <width>144</width>
                                        <height>8</height>
                                        <texture>$INFO[ListItem.Property(progress)]</texture>
                                        <colordiffuse>FFCC7B19</colordiffuse>
                                    </control>
                                </control>
                                <control type="group">
                                    <control type="image">
                                        <visible>!String.IsEmpty(ListItem.Property(unwatched))</visible>
                                        <posx>115</posx>
                                        <posy>0</posy>
                                        <width>29</width>
                                        <height>29</height>
                                        <texture>script.plex/indicators/unwatched.png</texture>
                                    </control>
                                    <control type="group">
                                        <visible>!String.IsEmpty(ListItem.Property(unwatched.count))</visible>
                                        <control type="image">
                                            <posx>93</posx>
                                            <posy>0</posy>
                                            <width>51</width>
                                            <height>39</height>
                                            <texture>script.plex/white-square.png</texture>
                                            <colordiffuse>FF000000</colordiffuse>
                                        </control>
                                        <control type="image">
                                            <posx>94</posx>
                                            <posy>0</posy>
                                            <width>50</width>
                                            <height>38</height>
                                            <texture>script.plex/white-square.png</texture>
                                            <colordiffuse>FFCC7B19</colordiffuse>
                                        </control>
                                        <control type="label">
                                            <posx>94</posx>
                                            <posy>0</posy>
                                            <width>50</width>
                                            <height>38</height>
                                            <font>font12</font>
                                            <align>center</align>
                                            <aligny>center</aligny>
                                            <textcolor>FF000000</textcolor>
                                            <label>$INFO[ListItem.Property(unwatched.count)]</label>
                                        </control>
                                    </control>
                                </control>
                                <control type="label">
                                    <visible>String.IsEmpty(ListItem.Property(subtitle))</visible>
                                    <scroll>false</scroll>
                                    <posx>0</posx>
                                    <posy>218</posy>
                                    <width>144</width>
                                    <height>72</height>
                                    <font>font10</font>
                                    <align>center</align>
                                    <textcolor>FFFFFFFF</textcolor>
                                    <label>$INFO[ListItem.Label]</label>
                                </control>
                                <control type="label">
                                    <visible>!String.IsEmpty(ListItem.Property(subtitle))</visible>
                                    <scroll>false</scroll>
                                    <posx>0</posx>
                                    <posy>218</posy>
                                    <width>144</width>
                                    <height>72</height>
                                    <font>font10</font>
                                    <align>center</align>
                                    <textcolor>FFFFFFFF</textcolor>
                                    <label>$INFO[ListItem.Property(subtitle)]</label>
                                </control>
                            </control>
                        </control>
                    </itemlayout>

                    <!-- FOCUSED LAYOUT ####################################### -->
                    <focusedlayout width="170" height="262">
                        <control type="group">
                            <posx>55</posx>
                            <posy>137</posy>
                            <control type="group">
                                <animation effect="zoom" start="100" end="110" time="100" center="127,185" reversible="false">Focus</animation>
                                <animation effect="zoom" start="110" end="100" time="100" center="127,185" reversible="false">UnFocus</animation>
                                <posx>0</posx>
                                <posy>0</posy>
                                <control type="image">
                                    <visible>Control.HasFocus(101)</visible>
                                    <posx>-40</posx>
                                    <posy>-40</posy>
                                    <width>234</width>
                                    <height>316</height>
                                    <texture border="42">script.plex/drop-shadow.png</texture>
                                </control>
                                <control type="group">
                                    <posx>5</posx>
                                    <posy>5</posy>
                                    <control type="image">
                                        <posx>0</posx>
                                        <posy>0</posy>
                                        <width>144</width>
                                        <height>213</height>
                                        <texture>$INFO[ListItem.Property(thumb.fallback)]</texture>
                                    </control>
                                    <control type="image">
                                        <posx>0</posx>
                                        <posy>0</posy>
                                        <width>144</width>
                                        <height>213</height>
                                        <texture background="true">$INFO[ListItem.Thumb]</texture>
                                        <aspectratio>scale</aspectratio>
                                    </control>
                                    <control type="group">
                                        <visible>!String.IsEmpty(ListItem.Property(progress))</visible>
                                        <posx>0</posx>
                                        <posy>203</posy>
                                        <control type="image">
                                            <posx>0</posx>
                                            <posy>0</posy>
                                            <width>144</width>
                                            <height>10</height>
                                            <texture>script.plex/white-square.png</texture>
                                            <colordiffuse>C0000000</colordiffuse>
                                        </control>
                                        <control type="image">
                                            <posx>0</posx>
                                            <posy>1</posy>
                                            <width>144</width>
                                            <height>8</height>
                                            <texture>$INFO[ListItem.Property(progress)]</texture>
                                            <colordiffuse>FFCC7B19</colordiffuse>
                                        </control>
                                    </control>
                                    <control type="group">
                                        <control type="image">
                                            <visible>!String.IsEmpty(ListItem.Property(unwatched))</visible>
                                            <posx>115</posx>
                                            <posy>0</posy>
                                            <width>29</width>
                                            <height>29</height>
                                            <texture>script.plex/indicators/unwatched.png</texture>
                                        </control>
                                        <control type="group">
                                            <visible>!String.IsEmpty(ListItem.Property(unwatched.count))</visible>
                                            <control type="image">
                                                <posx>93</posx>
                                                <posy>0</posy>
                                                <width>51</width>
                                                <height>39</height>
                                                <texture>script.plex/white-square.png</texture>
                                                <colordiffuse>FF000000</colordiffuse>
                                            </control>
                                            <control type="image">
                                                <posx>94</posx>
                                                <posy>0</posy>
                                                <width>50</width>
                                                <height>38</height>
                                                <texture>script.plex/white-square.png</texture>
                                                <colordiffuse>FFCC7B19</colordiffuse>
                                            </control>
                                            <control type="label">
                                                <posx>94</posx>
                                                <posy>0</posy>
                                                <width>50</width>
                                                <height>38</height>
                                                <font>font12</font>
                                                <align>center</align>
                                                <aligny>center</aligny>
                                                <textcolor>FF000000</textcolor>
                                                <label>$INFO[ListItem.Property(unwatched.count)]</label>
                                            </control>
                                        </control>
                                    </control>
                                    <control type="label">
                                        <visible>String.IsEmpty(ListItem.Property(subtitle))</visible>
                                        <scroll>true</scroll>
                                        <posx>0</posx>
                                        <posy>218</posy>
                                        <width>144</width>
                                        <height>72</height>
                                        <font>font10</font>
                                        <align>center</align>
                                        <textcolor>FFFFFFFF</textcolor>
                                        <label>$INFO[ListItem.Label]</label>
                                    </control>
                                    <control type="label">
                                        <visible>!String.IsEmpty(ListItem.Property(subtitle))</visible>
                                        <scroll>true</scroll>
                                        <posx>0</posx>
                                        <posy>218</posy>
                                        <width>144</width>
                                        <height>30</height>
                                        <font>font10</font>
                                        <align>center</align>
                                        <textcolor>FFFFFFFF</textcolor>
                                        <label>$INFO[ListItem.Property(subtitle)] - $INFO[ListItem.Label]</label>
                                    </control>
                                </control>
                                <control type="image">
                                    <visible>Control.HasFocus(101)</visible>
                                    <posx>0</posx>
                                    <posy>0</posy>
                                    <width>154</width>
                                    <height>225</height>
                                    <texture border="10">script.plex/home/selected.png</texture>
                                </control>
                            </control>
                        </control>
                    </focusedlayout>
                </control>
            </control>

        </control>

        <control type="group" id="150">
            <visible>String.IsEqual(Window(10000).Property(script.plex.sort),titleSort) + Integer.IsGreater(Container(101).NumItems,0) + String.IsEmpty(Window.Property(drawing))</visible>
            <defaultcontrol>151</defaultcontrol>
            <posx>1780</posx>
            <posy>150</posy>
            <width>20</width>
            <height>920</height>
            <control type="list" id="151">
                <posx>0</posx>
                <posy>0</posy>
                <width>34</width>
                <height>1050</height>
                <onleft>100</onleft>
                <onright>152</onright>
                <scrolltime>200</scrolltime>
                <orientation>vertical</orientation>
                <!-- ITEM LAYOUT ########################################## -->
                <itemlayout height="34">
                    <control type="group">
                        <posx>0</posx>
                        <posy>0</posy>
                        <control type="group">
                            <posx>0</posx>
                            <posy>0</posy>
                            <control type="label">
                                <visible>!String.IsEqual(Window(10000).Property(script.plex.key), ListItem.Property(letter))</visible>
                                <posx>0</posx>
                                <posy>0</posy>
                                <width>34</width>
                                <height>32</height>
                                <font>font10</font>
                                <align>center</align>
                                <aligny>center</aligny>
                                <textcolor>99FFFFFF</textcolor>
                                <label>$INFO[ListItem.Label]</label>
                            </control>
                            <control type="label">
                                <visible>String.IsEqual(Window(10000).Property(script.plex.key), ListItem.Property(key))</visible>
                                <posx>0</posx>
                                <posy>0</posy>
                                <width>34</width>
                                <height>32</height>
                                <font>font10</font>
                                <align>center</align>
                                <aligny>center</aligny>
                                <textcolor>FFE5A00D</textcolor>
                                <label>$INFO[ListItem.Label]</label>
                            </control>
                        </control>
                    </control>
                </itemlayout>

                <!-- FOCUSED LAYOUT ####################################### -->
                <focusedlayout height="34">
                    <control type="group">
                        <posx>0</posx>
                        <posy>0</posy>
                        <control type="group">
                            <posx>0</posx>
                            <posy>0</posy>
                            <control type="label">
                                <visible>!String.IsEqual(Window(10000).Property(script.plex.key), ListItem.Property(letter))</visible>
                                <posx>0</posx>
                                <posy>0</posy>
                                <width>34</width>
                                <height>32</height>
                                <font>font10</font>
                                <align>center</align>
                                <aligny>center</aligny>
                                <textcolor>99FFFFFF</textcolor>
                                <label>$INFO[ListItem.Label]</label>
                            </control>
                            <control type="label">
                                <visible>String.IsEqual(Window(10000).Property(script.plex.key), ListItem.Property(key))</visible>
                                <posx>0</posx>
                                <posy>0</posy>
                                <width>34</width>
                                <height>32</height>
                                <font>font10</font>
                                <align>center</align>
                                <aligny>center</aligny>
                                <textcolor>FFE5A00D</textcolor>
                                <label>$INFO[ListItem.Label]</label>
                            </control>
                        </control>

                        <control type="group">
                            <visible>Control.HasFocus(151)</visible>
                            <posx>0</posx>
                            <posy>0</posy>
                            <control type="image">
                                <visible>Control.HasFocus(151)</visible>
                                <posx>0</posx>
                                <posy>0</posy>
                                <width>34</width>
                                <height>34</height>
                                <colordiffuse>FFE5A00D</colordiffuse>
                                <texture border="12">script.plex/white-outline-rounded.png</texture>
                            </control>
                        </control>
                    </control>
                </focusedlayout>
            </control>
        </control>

        <control type="scrollbar" id="152">
            <hitrect x="1820" y="150" w="100" h="910" />
            <left>1860</left>
            <top>150</top>
            <width>12</width>
            <height>910</height>
            <visible>true</visible>
            <texturesliderbackground colordiffuse="40000000" border="5">script.plex/white-square-rounded.png</texturesliderbackground>
            <texturesliderbar colordiffuse="77FFFFFF" border="5">script.plex/white-square-rounded.png</texturesliderbar>
            <texturesliderbarfocus colordiffuse="FFE5A00D" border="5">script.plex/white-square-rounded.png</texturesliderbarfocus>
            <textureslidernib>-</textureslidernib>
            <textureslidernibfocus>-</textureslidernibfocus>
            <pulseonselect>false</pulseonselect>
            <orientation>vertical</orientation>
            <showonepage>false</showonepage>
            <onleft>151</onleft>
        </control>


        <control type="group" id="200">
            <animation effect="slide" end="0,-135" time="200" tween="quadratic" easing="out" condition="Integer.IsGreater(Container(101).ListItem.Property(index),9) + !ControlGroup(200).HasFocus(0)">Conditional</animation>
            <visible>!String.IsEmpty(Window.Property(initialized))</visible>
            <defaultcontrol always="true">201</defaultcontrol>
            <posx>0</posx>
            <posy>0</posy>
            <width>1920</width>
            <height>135</height>
            <control type="image">
                <animation effect="fade" start="0" end="100" time="200" tween="quadratic" easing="out" reversible="true">VisibleChange</animation>
                <visible>ControlGroup(200).HasFocus(0) + Integer.IsGreater(Container(101).ListItem.Property(index),9)</visible>
                <posx>0</posx>
                <posy>0</posy>
                <width>1920</width>
                <height>135</height>
                <texture>script.plex/white-square.png</texture>
                <colordiffuse>C0000000</colordiffuse>
            </control>
            <control type="grouplist">
                <posx>60</posx>
                <posy>47.5</posy>
                <width>1000</width>
                <height>40</height>
                <align>left</align>
                <itemgap>60</itemgap>
                <orientation>horizontal</orientation>
                <ondown>50</ondown>
                <control type="group">
                    <width>40</width>
                    <height>40</height>
                    <control type="button" id="201">
                        <animation effect="zoom" start="100" end="177" time="100" center="20,20" reversible="false">Focus</animation>
                        <animation effect="zoom" start="177" end="100" time="100" center="20,20" reversible="false">UnFocus</animation>
                        <width>40</width>
                        <height>40</height>
                        <onright>202</onright>
                        <ondown>50</ondown>
                        <font>font12</font>
                        <focusedcolor>FF000000</focusedcolor>
                        <texturefocus colordiffuse="FFE5A00D">script.plex/buttons/home-focus.png</texturefocus>
                        <texturenofocus colordiffuse="99FFFFFF">script.plex/buttons/home.png</texturenofocus>
                        <label> </label>
                    </control>
                </control>
                <control type="label">
                    <width max="500">auto</width>
                    <height>40</height>
                    <font>font10</font>
                    <align>left</align>
                    <aligny>center</aligny>
                    <textcolor>FFFFFFFF</textcolor>
                    <label>[UPPERCASE]$INFO[Window.Property(screen.title)][/UPPERCASE][COLOR=gray]$INFO[Window.Property(items.count),  (,)][/COLOR]</label>
                </control>
                <control type="group">
                    <width>40</width>
                    <height>40</height>
                    <control type="button" id="202">
                        <animation effect="zoom" start="100" end="177" time="100" center="20,20" reversible="false">Focus</animation>
                        <animation effect="zoom" start="177" end="100" time="100" center="20,20" reversible="false">UnFocus</animation>
                        <width>40</width>
                        <height>40</height>
                        <onright>204</onright>
                        <onleft>201</onleft>
                        <ondown>50</ondown>
                        <font>font12</font>
                        <focusedcolor>FF000000</focusedcolor>
                        <texturefocus colordiffuse="FFE5A00D">script.plex/buttons/search-focus.png</texturefocus>
                        <texturenofocus colordiffuse="99FFFFFF">script.plex/buttons/search.png</texturenofocus>
                        <label> </label>
                    </control>
                </control>
            </control>
            <control type="group">
                <visible>Player.HasAudio + String.IsEmpty(Window(10000).Property(script.plex.theme_playing))</visible>
                <posx>438</posx>
                <posy>0</posy>
                <control type="button" id="204">
                    <visible>Player.HasAudio + String.IsEmpty(Window(10000).Property(script.plex.theme_playing))</visible>
                    <posx>-10</posx>
                    <posy>38</posy>
                    <width>260</width>
                    <height>75</height>
                    <onleft>202</onleft>
                    <onright>211</onright>
                    <ondown>50</ondown>
                    <font>font12</font>
                    <textcolor>FFFFFFFF</textcolor>
                    <focusedcolor>FF000000</focusedcolor>
                    <align>right</align>
                    <aligny>center</aligny>
                    <texturefocus colordiffuse="FFE5A00D" border="10">script.plex/white-square-rounded.png</texturefocus>
                    <texturenofocus>-</texturenofocus>
                    <textoffsetx>100</textoffsetx>
                    <textoffsety>0</textoffsety>
                    <label> </label>
                </control>
                <control type="image">
                    <posx>0</posx>
                    <posy>48</posy>
                    <width>42</width>
                    <height>42</height>
                    <texture>$INFO[Player.Art(thumb)]</texture>
                </control>

                <control type="group">
                    <visible>!Control.HasFocus(204)</visible>
                    <control type="label">
                        <posx>53</posx>
                        <posy>48</posy>
                        <width>187</width>
                        <height>20</height>
                        <font>font10</font>
                        <align>left</align>
                        <aligny>center</aligny>
                        <textcolor>FFFFFFFF</textcolor>
                        <info>MusicPlayer.Artist</info>
                    </control>
                    <control type="label">
                        <posx>53</posx>
                        <posy>72</posy>
                        <width>187</width>
                        <height>20</height>
                        <font>font10</font>
                        <align>left</align>
                        <aligny>center</aligny>
                        <textcolor>FFFFFFFF</textcolor>
                        <info>MusicPlayer.Title</info>
                    </control>
                </control>
                <control type="group">
                    <visible>Control.HasFocus(204)</visible>
                    <control type="label">
                        <posx>53</posx>
                        <posy>48</posy>
                        <width>187</width>
                        <height>20</height>
                        <font>font10</font>
                        <align>left</align>
                        <aligny>center</aligny>
                        <textcolor>FF000000</textcolor>
                        <info>MusicPlayer.Artist</info>
                    </control>
                    <control type="label">
                        <posx>53</posx>
                        <posy>72</posy>
                        <width>187</width>
                        <height>20</height>
                        <font>font10</font>
                        <align>left</align>
                        <aligny>center</aligny>
                        <textcolor>FF000000</textcolor>
                        <info>MusicPlayer.Title</info>
                    </control>
                </control>

                <control type="progress">
                    <description>Progressbar</description>
                    <posx>0</posx>
                    <posy>102</posy>
                    <width>240</width>
                    <height>1</height>
                    <texturebg colordiffuse="9AFFFFFF">script.plex/white-square-1px.png</texturebg>
                    <lefttexture>-</lefttexture>
                    <midtexture colordiffuse="FFCC7B19">script.plex/white-square-1px.png</midtexture>
                    <righttexture>-</righttexture>
                    <overlaytexture>-</overlaytexture>
                    <info>Player.Progress</info>
                </control>
            </control>
            <control type="grouplist">
                <visible>String.IsEmpty(Window.Property(hide.filteroptions))</visible>
                <right>340</right>
                <posy>35</posy>
                <width>870</width>
                <height>65</height>
                <align>right</align>
                <itemgap>30</itemgap>
                <orientation>horizontal</orientation>
                <onleft>204</onleft>
                <onright>210</onright>
                <ondown>50</ondown>
                <control type="button" id="311">
                    <visible>!String.IsEqual(Window.Property(media.itemType),folder)</visible>
                    <enable>false</enable>
                    <width max="300">auto</width>
                    <height>65</height>
                    <font>font10</font>
                    <textcolor>A0FFFFFF</textcolor>
                    <focusedcolor>A0FFFFFF</focusedcolor>
                    <disabledcolor>A0FFFFFF</disabledcolor>
                    <align>center</align>
                    <aligny>center</aligny>
                    <texturefocus>-</texturefocus>
                    <texturenofocus>-</texturenofocus>
                    <textoffsetx>0</textoffsetx>
                    <textoffsety>0</textoffsety>
                    <label>[UPPERCASE]$INFO[Window.Property(filter2.display)][/UPPERCASE]</label>
                </control>
                <control type="button" id="211">
                    <visible>!String.IsEqual(Window.Property(media.itemType),folder)</visible>
                    <width max="400">auto</width>
                    <height>65</height>
                    <font>font10</font>
                    <textcolor>A0FFFFFF</textcolor>
                    <focusedcolor>FF000000</focusedcolor>
                    <align>center</align>
                    <aligny>center</aligny>
                    <texturefocus colordiffuse="FFE5A00D" border="10">script.plex/white-square-rounded.png</texturefocus>
                    <texturenofocus>-</texturenofocus>
                    <textoffsetx>20</textoffsetx>
                    <textoffsety>0</textoffsety>
                    <label>[UPPERCASE]$INFO[Window.Property(filter1.display)][/UPPERCASE]</label>
                </control>
                <control type="button" id="310">
                    <visible>String.IsEqual(Window.Property(subDir),1) | ![String.IsEqual(Window.Property(media),show) | String.IsEqual(Window.Property(media),movie)]</visible>
                    <enable>false</enable>
                    <width max="300">auto</width>
                    <height>65</height>
                    <font>font12</font>
                    <textcolor>FFFFFFFF</textcolor>
                    <focusedcolor>FFFFFFFF</focusedcolor>
                    <disabledcolor>FFFFFFFF</disabledcolor>
                    <align>center</align>
                    <aligny>center</aligny>
                    <texturenofocus>-</texturenofocus>
                    <texturenofocus>-</texturenofocus>
                    <textoffsetx>20</textoffsetx>
                    <textoffsety>0</textoffsety>
                    <label>[UPPERCASE]$INFO[Window.Property(media.type)][/UPPERCASE]</label>
                </control>
                <control type="button" id="312">
                    <visible>!String.IsEqual(Window.Property(subDir),1) + [String.IsEqual(Window.Property(media),show) | String.IsEqual(Window.Property(media),movie)]</visible>
                    <width max="300">auto</width>
                    <height>65</height>
                    <font>font12</font>
                    <textcolor>FFFFFFFF</textcolor>
                    <focusedcolor>FF000000</focusedcolor>
                    <disabledcolor>FFFFFFFF</disabledcolor>
                    <align>center</align>
                    <aligny>center</aligny>
                    <texturefocus colordiffuse="FFE5A00D" border="10">script.plex/white-square-rounded.png</texturefocus>
                    <texturenofocus>-</texturenofocus>
                    <textoffsetx>20</textoffsetx>
                    <textoffsety>0</textoffsety>
                    <label>[UPPERCASE]$INFO[Window.Property(media.type)][/UPPERCASE]</label>
                </control>
                <control type="button" id="210">
                    <visible>!String.IsEqual(Window.Property(media.itemType),folder)</visible>
                    <width max="300">auto</width>
                    <height>65</height>
                    <font>font10</font>
                    <textcolor>A0FFFFFF</textcolor>
                    <focusedcolor>FF000000</focusedcolor>
                    <align>center</align>
                    <aligny>center</aligny>
                    <texturefocus colordiffuse="FFE5A00D" border="10">script.plex/white-square-rounded.png</texturefocus>
                    <texturenofocus>-</texturenofocus>
                    <textoffsetx>20</textoffsetx>
                    <textoffsety>0</textoffsety>
                    <label>[UPPERCASE]$INFO[Window.Property(sort.display)][/UPPERCASE]</label>
                </control>
            </control>
            <control type="label">
                <right>213</right>
                <posy>35</posy>
                <width>200</width>
                <height>65</height>
                <font>font10</font>
                <align>right</align>
                <aligny>center</aligny>
                <textcolor>FFFFFFFF</textcolor>
                <label>$INFO[System.Time]</label>
            </control>
            <control type="image">
                <posx>153r</posx>
                <posy>47.5</posy>
                <width>93</width>
                <height>43</height>
                <texture>script.plex/home/plex.png</texture>
            </control>
        </control>

        <control type="group">
            <visible>!String.IsEmpty(Window.Property(no.content))</visible>
            <posx>0</posx>
            <posy>465</posy>
            <control type="label">
                <scroll>false</scroll>
                <posx>60</posx>
                <posy>0</posy>
                <width>1800</width>
                <height>35</height>
                <font>font13</font>
                <align>center</align>
                <textcolor>FFFFFFFF</textcolor>
                <label>[B]$ADDON[script.zidooplexmod 32452][/B]</label>
            </control>
            <control type="label">
                <scroll>false</scroll>
                <posx>60</posx>
                <posy>60</posy>
                <width>1800</width>
                <height>35</height>
                <font>font13</font>
                <align>center</align>
                <textcolor>FFCCCCCC</textcolor>
                <label>$ADDON[script.zidooplexmod 32453]</label>
            </control>
        </control>

        <control type="group">
            <visible>!String.IsEmpty(Window.Property(no.content.filtered))</visible>
            <posx>0</posx>
            <posy>465</posy>
            <control type="label">
                <scroll>false</scroll>
                <posx>60</posx>
                <posy>0</posy>
                <width>1800</width>
                <height>35</height>
                <font>font13</font>
                <align>center</align>
                <textcolor>FFFFFFFF</textcolor>
                <label>[B]$ADDON[script.zidooplexmod 32454][/B]</label>
            </control>
            <control type="label">
                <scroll>false</scroll>
                <posx>60</posx>
                <posy>60</posy>
                <width>1800</width>
                <height>35</height>
                <font>font13</font>
                <align>center</align>
                <textcolor>FFCCCCCC</textcolor>
                <label>$ADDON[script.zidooplexmod 32455]</label>
            </control>
        </control>

        <control type="group">
            <visible>!String.IsEmpty(Window.Property(search.dialog))</visible>
            <control type="group" >
                <visible>!String.IsEmpty(Window.Property(search.dialog.hasresults))</visible>
                <control type="image">
                    <posx>0</posx>
                    <posy>0</posy>
                    <width>1920</width>
                    <height>1080</height>
                    <texture>script.plex/home/background-fallback.png</texture>
                </control>
                <control type="image">
                    <posx>0</posx>
                    <posy>0</posy>
                    <width>1920</width>
                    <height>1080</height>
                    <texture background="true">$INFO[Window.Property(background)]</texture>
                </control>
            </control>
            <control type="image">
                <posx>0</posx>
                <posy>0</posy>
                <width>1920</width>
                <height>1080</height>
                <texture colordiffuse="99606060">script.plex/white-square.png</texture>
            </control>
        </control>

    </controls>
</window>
