<?xml version="1.0" encoding="UTF-8"?>
<window>
	<depth>DepthOSD</depth>
	<defaultcontrol always="true">5553</defaultcontrol>
	<animation effect="fade" start="0" end="100" time="300">WindowOpen</animation>
	<animation effect="fade" start="100" end="0" time="200">WindowClose</animation>
	<onunload>ClearProperty(PlayerInfoDialogFocus,Home)</onunload>
	<controls>
		<control type="group">
			<bottom>0</bottom>
			<height>300</height>
			<animation effect="slide" end="0,-20" time="150" condition="VideoPlayer.Content(LiveTV)">conditional</animation>
			<control type="image">
				<left>30</left>
				<top>-220</top>
				<right>30</right>
				<height>380</height>
				<texture border="40">dialogs/dialog-bg-nobo.png</texture>
			</control>
			<!-- PVR Left -->
			<control type="grouplist">
				<left>50</left>
				<top>-204</top>
				<visible>String.IsEqual(Window(Home).Property(PlayerInfoDialogFocus),5551)</visible>
				<control type="label">
					<width>1200</width>
					<height>50</height>
					<aligny>bottom</aligny>
					<label>$INFO[PVR.ActStreamServiceName,[COLOR button_focus]$LOCALIZE[19099]:[/COLOR] ]</label>
					<font>font12</font>
					<shadowcolor>black</shadowcolor>
				</control>
				<control type="label">
					<width>1200</width>
					<height>50</height>
					<aligny>bottom</aligny>
					<label>$INFO[PVR.ActStreamProviderName,[COLOR button_focus]$LOCALIZE[19101]:[/COLOR] ]</label>
					<font>font12</font>
					<shadowcolor>black</shadowcolor>
				</control>
				<control type="label">
					<width>1200</width>
					<height>50</height>
					<aligny>bottom</aligny>
					<label>$INFO[PVR.ActStreamClient,[COLOR button_focus]$LOCALIZE[19012]:[/COLOR] ]</label>
					<font>font12</font>
					<shadowcolor>black</shadowcolor>
				</control>
				<control type="label">
					<width>1200</width>
					<height>50</height>
					<aligny>bottom</aligny>
					<label>$INFO[PVR.ActStreamDevice,[COLOR button_focus]$LOCALIZE[19006]:[/COLOR] ]</label>
					<font>font12</font>
					<shadowcolor>black</shadowcolor>
				</control>
				<control type="label">
					<width>1200</width>
					<height>50</height>
					<aligny>bottom</aligny>
					<label>$INFO[PVR.ActStreamStatus,[COLOR button_focus]$LOCALIZE[19007]:[/COLOR] ]</label>
					<font>font12</font>
					<shadowcolor>black</shadowcolor>
				</control>
				<control type="label">
					<width>1200</width>
					<height>50</height>
					<aligny>bottom</aligny>
					<label>$INFO[PVR.ActStreamEncryptionName,[COLOR button_focus]$LOCALIZE[19015]:[/COLOR] ]</label>
					<font>font12</font>
					<shadowcolor>black</shadowcolor>
				</control>
			</control>
			<!-- PVR Right -->
			<control type="grouplist">
				<left>1250</left>
				<top>-204</top>
				<visible>String.IsEqual(Window(Home).Property(PlayerInfoDialogFocus),5551)</visible>
				<usecontrolcoords>true</usecontrolcoords>
				<control type="label">
					<width>600</width>
					<height>50</height>
					<aligny>bottom</aligny>
					<label>$INFO[PVR.ActStreamBer,[COLOR button_focus]$LOCALIZE[19010]:[/COLOR] ]</label>
					<font>font12</font>
					<shadowcolor>black</shadowcolor>
				</control>
				<control type="label">
					<width>600</width>
					<height>50</height>
					<aligny>bottom</aligny>
					<label>$INFO[PVR.ActStreamUnc,[COLOR button_focus]$LOCALIZE[19011]:[/COLOR] ]</label>
					<font>font12</font>
					<shadowcolor>black</shadowcolor>
				</control>
				<control type="label">
					<width>600</width>
					<height>50</height>
					<aligny>bottom</aligny>
					<label>$INFO[PVR.ActStreamMux,[COLOR button_focus]$LOCALIZE[19100]:[/COLOR] ]</label>
					<font>font12</font>
					<shadowcolor>black</shadowcolor>
				</control>
				<control type="label">
					<width>600</width>
					<height>50</height>
					<aligny>bottom</aligny>
					<label>$INFO[PVR.ActStreamSignal,[COLOR button_focus]$LOCALIZE[19008]:[/COLOR] ]</label>
					<font>font12</font>
					<shadowcolor>black</shadowcolor>
				</control>
				<control type="progress">
					<top>5</top>
					<width>600</width>
					<height>18</height>
					<info>PVR.ActStreamProgrSignal</info>
				</control>
				<control type="label">
					<top>5</top>
					<width>1600</width>
					<height>50</height>
					<aligny>bottom</aligny>
					<label>$INFO[PVR.ActStreamSNR,[COLOR button_focus]$LOCALIZE[19009]:[/COLOR] ]</label>
					<font>font12</font>
					<shadowcolor>black</shadowcolor>
				</control>
				<control type="progress">
					<top>0</top>
					<width>600</width>
					<height>18</height>
					<info>PVR.ActStreamProgrSNR</info>
				</control>
			</control>
			<!-- Player Left -->
			<control type="grouplist">
				<left>60</left>
				<top>-204</top>
				<visible>String.IsEqual(Window(Home).Property(PlayerInfoDialogFocus),5553)</visible>
				<control type="label"> <!-- Screen resolution -->
					<width>620</width>
					<height>40</height>
					<aligny>bottom</aligny>
					<label>[COLOR button_focus]$LOCALIZE[31607]:[/COLOR] $INFO[System.ScreenResolution]</label>
					<font>font12</font>
					<shadowcolor>black</shadowcolor>
				</control>
				<control type="label"> <!-- Kodi fps -->
					<width>620</width>
					<height>40</height>
					<aligny>bottom</aligny>
					<label>[COLOR button_focus]$LOCALIZE[31641]:[/COLOR] $INFO[System.FPS]</label>
					<font>font12</font>
					<shadowcolor>black</shadowcolor>
				</control>
				<control type="label"> <!-- Video decoder|deinterlace -->
					<width>620</width>
					<height>40</height>
					<aligny>bottom</aligny>
					<label>[COLOR button_focus]$LOCALIZE[31642]:[/COLOR] $INFO[Player.Process(videodecoder), ]$VAR[VideoHWDecoder, (,)] $VAR[|] $INFO[Player.Process(deintmethod)]</label>
					<font>font12</font>
					<shadowcolor>black</shadowcolor>
					<visible>Player.HasVideo</visible>
				</control>
				<control type="label"> <!-- A|V bit rate -->
					<width>620</width>
					<height>40</height>
					<aligny>bottom</aligny>
					<label>[COLOR button_focus]$LOCALIZE[31643]:[/COLOR] $INFO[Player.Process(audio.live.mibit.rate),,] $VAR[|] $INFO[Player.Process(video.live.mibit.rate),,]</label>
					<font>font12</font>
					<shadowcolor>black</shadowcolor>
				</control>
				<control type="label"> <!-- Cache -->
					<width>620</width>
					<height>40</height>
					<aligny>bottom</aligny>
					<label>[COLOR button_focus]$LOCALIZE[31644]:[/COLOR] $INFO[Player.CacheLevel,,%]</label>
					<font>font12</font>
					<shadowcolor>black</shadowcolor>
					<visible>Player.HasVideo</visible>
				</control>
				<control type="progress">
					<description>CACHE BAR</description>
					<width>620</width>
					<height>8</height>
					<info>Player.CacheLevel</info>
					<texturebg border="3" colordiffuse="60FFFFFF">colors/white50.png</texturebg>
					<midtexture border="3" colordiffuse="button_focus">colors/white.png</midtexture>
				</control>
				<control type="label"> <!-- Memory -->
					<width>620</width>
					<height>40</height>
					<aligny>bottom</aligny>
					<label>[COLOR button_focus]$LOCALIZE[31645]:[/COLOR] $INFO[system.memory(used)] / $INFO[system.memory(total)] - $INFO[system.memory(used.percent)]</label>
					<font>font12</font>
					<shadowcolor>black</shadowcolor>
				</control>
				<control type="progress">
					<description>RAM BAR</description>
					<width>620</width>
					<height>8</height>
					<info>system.memory(used)</info>
					<texturebg border="3" colordiffuse="60FFFFFF">colors/white50.png</texturebg>
					<midtexture border="3" colordiffuse="button_focus">colors/white.png</midtexture>
				</control>
				<control type="label"> <!-- CPU -->
					<width>620</width>
					<height>40</height>
					<aligny>bottom</aligny>
					<label>[COLOR button_focus]$LOCALIZE[31646] %:[/COLOR] $INFO[System.CpuAltUsage]</label>
					<font>font12</font>
					<shadowcolor>black</shadowcolor>
					<visible>System.SupportsCPUUsage</visible>
				</control>
				<control type="progress">
					<description>CPU BAR</description>
					<width>620</width>
					<height>8</height>
					<info>System.CPUUsage</info>
					<visible>System.SupportsCPUUsage</visible>
					<texturebg border="3" colordiffuse="60FFFFFF">colors/white50.png</texturebg>
					<midtexture border="3" colordiffuse="button_focus">colors/white.png</midtexture>
				</control>
				<control type="label"> <!-- CPU -->
					<width>620</width>
					<height>40</height>
					<aligny>bottom</aligny>
					<label>[COLOR button_focus]$LOCALIZE[31646]:[/COLOR] $INFO[System.CpuFrequency] $VAR[|] $INFO[System.CPUTemperature]</label>
					<font>font12</font>
					<shadowcolor>black</shadowcolor>
				</control>
			</control>
			<!-- Player Middle -->
			<control type="grouplist">
				<left>730</left>
				<top>-204</top>
				<visible>String.IsEqual(Window(Home).Property(PlayerInfoDialogFocus),5553)</visible>
				<control type="label"> <!-- Video source type -->
					<width>600</width>
					<height>40</height>
					<aligny>bottom</aligny>
					<label>[COLOR button_focus]$LOCALIZE[31647]:[/COLOR] $INFO[Player.Process(video.source.hdr.type)]</label>
					<font>font12</font>
					<shadowcolor>black</shadowcolor>
					<visible>Player.HasVideo</visible>
				</control>
				<control type="label"> <!-- Video encoding -->
					<width>600</width>
					<height>40</height>
					<aligny>bottom</aligny>
					<label>[COLOR button_focus]$LOCALIZE[31648]:[/COLOR] $INFO[VideoPlayer.VideoCodec] $VAR[|] $INFO[VideoPlayer.VideoResolution] $VAR[|] $INFO[VideoPlayer.VideoAspect]</label>
					<font>font12</font>
					<shadowcolor>black</shadowcolor>
					<visible>Player.HasVideo</visible>
				</control>
				<control type="label"> <!-- Video encoding -->
					<width>600</width>
					<height>40</height>
					<aligny>bottom</aligny>
					<label>[COLOR button_focus]$LOCALIZE[31648]:[/COLOR] $INFO[Player.Process(video.width.raw)]x$INFO[Player.Process(video.height.raw)]$INFO[Player.Process(videoscantype)] $VAR[|] $INFO[Player.Process(videofps),, fps] $VAR[|] $INFO[Player.Process(video.bit.depth),,-bit]</label>
					<font>font12</font>
					<shadowcolor>black</shadowcolor>
					<visible>Player.HasVideo</visible>
				</control>
				<control type="label"> <!-- Video colour -->
					<width>600</width>
					<height>40</height>
					<aligny>bottom</aligny>
					<label>[COLOR button_focus]$LOCALIZE[31649]:[/COLOR] $VAR[ColourVar]</label>
					<font>font12</font>
					<shadowcolor>black</shadowcolor>
					<visible>Player.HasVideo</visible>
				</control>
				<control type="label"> <!-- Audio encoding -->
					<width>600</width>
					<height>40</height>
					<aligny>bottom</aligny>
					<label>[COLOR button_focus]$LOCALIZE[31650]:[/COLOR] $VAR[AudioCodec1Var] $VAR[AudioChannels1Var]$INFO[Player.Process(audio.is.dolby.atmos), [COLOR lightgreen],[/COLOR]]$INFO[Player.Process(audio.dts.x.type), [COLOR lightgreen],[/COLOR]]</label>
					<font>font12</font>
					<shadowcolor>black</shadowcolor>
				</control>
				<control type="label"> <!-- Audio sampling -->
					<width>600</width>
					<height>40</height>
					<aligny>bottom</aligny>
					<label>[COLOR button_focus]$LOCALIZE[31651]:[/COLOR] $INFO[Player.Process(audio.sample.rate),, kHz] $VAR[|] $INFO[Player.Process(audiobitspersample),,-bit]</label>
					<font>font12</font>
					<shadowcolor>black</shadowcolor>
				</control>
				<control type="label"> <!-- Audio language -->
					<width>600</width>
					<height>40</height>
					<aligny>bottom</aligny>
					<label>[COLOR button_focus]$LOCALIZE[31652]:[/COLOR] $INFO[VideoPlayer.AudioLanguage] $VAR[|] $INFO[VideoPlayer.AudioLanguageEx]</label>
					<font>font12</font>
					<shadowcolor>black</shadowcolor>
					<visible>!String.IsEmpty(VideoPlayer.AudioLanguage)</visible>
				</control>
				<control type="label"> <!-- Subtitle language -->
					<width>600</width>
					<height>40</height>
					<aligny>bottom</aligny>
					<label>[COLOR button_focus]$LOCALIZE[21448]:[/COLOR] $INFO[VideoPlayer.SubtitlesLanguage] $VAR[|] $INFO[VideoPlayer.SubtitlesLangEx]</label>
					<font>font12</font>
					<shadowcolor>black</shadowcolor>
					<visible>VideoPlayer.SubtitlesEnabled</visible>
				</control>
				<control type="label">
					<width>600</width>
					<height>40</height>
					<aligny>bottom</aligny>
					<label>[COLOR button_focus]$LOCALIZE[21448]:[/COLOR] [COLOR dimgrey]$INFO[VideoPlayer.SubtitlesLanguage][/COLOR] $VAR[|] [COLOR dimgrey]$INFO[VideoPlayer.SubtitlesLangEx][/COLOR]</label>
					<font>font12</font>
					<shadowcolor>black</shadowcolor>
					<visible>!VideoPlayer.SubtitlesEnabled</visible>
				</control>
				<control type="label"> <!-- Subtitle name -->
					<width>600</width>
					<height>40</height>
					<aligny>bottom</aligny>
					<label>[COLOR button_focus]$LOCALIZE[31657]:[/COLOR] $INFO[VideoPlayer.SubtitlesName]</label>
					<font>font12</font>
					<shadowcolor>black</shadowcolor>
					<visible>VideoPlayer.SubtitlesEnabled</visible>
					<visible>!String.IsEmpty(VideoPlayer.SubtitlesName)</visible>
				</control>
				<control type="label">
					<width>600</width>
					<height>40</height>
					<aligny>bottom</aligny>
					<label>[COLOR button_focus]$LOCALIZE[31657]:[/COLOR] [COLOR dimgrey]$INFO[VideoPlayer.SubtitlesName][/COLOR]</label>
					<font>font12</font>
					<shadowcolor>black</shadowcolor>
					<visible>!VideoPlayer.SubtitlesEnabled</visible>
					<visible>!String.IsEmpty(VideoPlayer.SubtitlesName)</visible>
				</control>
			</control>
			<!-- Player Right -->
			<control type="grouplist">
				<left>1380</left>
				<top>-204</top>
				<visible>Control.HasFocus(5553)</visible>
				<control type="label"> <!-- Display mode -->
					<width>480</width>
					<height>40</height>
					<aligny>bottom</aligny>
					<label>[COLOR button_focus]$LOCALIZE[32100]:[/COLOR] $INFO[Player.Process(amlogic.displaymode)]</label>
					<font>font12</font>
					<shadowcolor>black</shadowcolor>
					<visible>Player.HasVideo</visible>
				</control>
				<control type="label"> <!-- EOTF & Gamut -->
					<width>480</width>
					<height>40</height>
					<aligny>bottom</aligny>
					<label>[COLOR button_focus]$LOCALIZE[32101]:[/COLOR] $INFO[Player.Process(amlogic.eoft_gamut)]</label>
					<font>font12</font>
					<shadowcolor>black</shadowcolor>
					<visible>Player.HasVideo</visible>
				</control>
				<control type="label"> <!-- Dolby Vision Profile -->
					<width>480</width>
					<height>40</height>
					<aligny>bottom</aligny>
					<label>[COLOR button_focus]$LOCALIZE[31653]:[/COLOR] $VAR[DVProfileExtVar]$VAR[DVELVar, [COLOR lightgreen],[/COLOR]] $INFO[Player.Process(video.dovi.codec.string),[COLOR dimgrey][,][/COLOR]]</label>
					<font>font12</font>
					<shadowcolor>black</shadowcolor>
					<visible>Player.HasVideo</visible>
					<visible>String.Contains(Player.Process(video.hdr.type),dolby vision)</visible>
				</control>
				<control type="label"> <!-- Dolby Vision Metadata -->
					<width>480</width>
					<height>40</height>
					<aligny>bottom</aligny>
					<label>[COLOR button_focus]$LOCALIZE[31656]:[/COLOR] $INFO[Player.Process(video.dovi.meta.version)]</label>
					<font>font12</font>
					<shadowcolor>black</shadowcolor>
					<visible>Player.HasVideo</visible>
					<visible>String.Contains(Player.Process(video.hdr.type),dolby vision)</visible>
				</control>
				<control type="label"> <!-- VS10 mode -->
					<width>480</width>
					<height>40</height>
					<aligny>bottom</aligny>
					<label>[COLOR button_focus]$LOCALIZE[31654]:[/COLOR] $VAR[DVVS10Var]</label>
					<font>font12</font>
					<shadowcolor>black</shadowcolor>
					<visible>Player.HasVideo</visible>
					<visible>!String.Contains(Player.Process(amlogic.vs10.mode),bypass)</visible>
				</control>
				<control type="label"> <!--Pixel format -->
					<width>480</width>
					<height>40</height>
					<aligny>bottom</aligny>
					<label>[COLOR button_focus]$LOCALIZE[31140]:[/COLOR] $INFO[Player.Process(amlogic.pixformat)]$VAR[DVTunnelVar, [COLOR dimgrey][,][/COLOR]]</label>
					<font>font12</font>
					<shadowcolor>black</shadowcolor>
					<visible>Player.HasVideo</visible>
				</control>
				<control type="label"> <!-- AML fps -->
					<width>480</width>
					<height>40</height>
					<aligny>bottom</aligny>
					<label>[COLOR button_focus]$LOCALIZE[31655]:[/COLOR] $INFO[Player.Process(amlogic.video.fps.info)][COLOR orange]$INFO[Player.Process(amlogic.video.fps.drop),	-&gt; ][/COLOR]</label>
					<font>font12</font>
					<shadowcolor>black</shadowcolor>
					<visible>Player.HasVideo</visible>
					<visible>Player.Process(videohwdecoder)</visible>
				</control>
				<control type="progress">
					<description>AUDIO QUEUE BAR</description>
					<width>480</width>
					<height>8</height>
					<info>Player.Process(audio.queue.level)</info>
					<texturebg border="3" colordiffuse="60FFFFFF">colors/white50.png</texturebg>
					<midtexture border="3" colordiffuse="button_focus">colors/white.png</midtexture>
				</control>
				<control type="progress">
					<description>AUDIO QUEUE DATA BAR</description>
					<width>480</width>
					<height>8</height>
					<info>Player.Process(audio.queue.data.level)</info>
					<texturebg border="3" colordiffuse="60FFFFFF">colors/white50.png</texturebg>
					<midtexture border="3" colordiffuse="button_focus">colors/white.png</midtexture>
				</control>
				<control type="progress">
					<description>VIDEO QUEUE BAR</description>
					<width>480</width>
					<height>8</height>
					<info>Player.Process(video.queue.level)</info>
					<texturebg border="3" colordiffuse="60FFFFFF">colors/white50.png</texturebg>
					<midtexture border="3" colordiffuse="button_focus">colors/white.png</midtexture>
				</control>
				<control type="progress">
					<description>VIDEO QUEUE DATA BAR</description>
					<width>480</width>
					<height>8</height>
					<info>Player.Process(video.queue.data.level)</info>
					<texturebg border="3" colordiffuse="60FFFFFF">colors/white50.png</texturebg>
					<midtexture border="3" colordiffuse="button_focus">colors/white.png</midtexture>
				</control>
			</control>
			<control type="grouplist" id="5550">
				<right>15</right>
				<top>-310</top>
				<width>1000</width>
				<height>100</height>
				<align>right</align>
				<orientation>horizontal</orientation>
				<itemgap>-10</itemgap>
				<onup>Close</onup>
				<ondown>Close</ondown>
				<usecontrolcoords>true</usecontrolcoords>
				<control type="button" id="5551">
					<width>auto</width>
					<height>100</height>
					<textoffsetx>40</textoffsetx>
					<label>$LOCALIZE[31137]</label>
					<visible>VideoPlayer.Content(livetv)</visible>
					<onfocus>SetProperty(PlayerInfoDialogFocus,5551,Home)</onfocus>
				</control>
				<control type="button" id="5553">
					<width>auto</width>
					<height>100</height>
					<textoffsetx>40</textoffsetx>
					<label>$LOCALIZE[31634]</label>
					<onfocus>SetProperty(PlayerInfoDialogFocus,5553,Home)</onfocus>
				</control>
			</control>
		</control>
	</controls>
</window>