<?xml version="1.0" encoding="UTF-8" standalone="yes"?>
<window>
    <coordinates>
        <system>1</system>
        <posx>0</posx>
        <posy>0</posy>
    </coordinates>
    <zorder>100</zorder>
    <defaultcontrol>800</defaultcontrol>
    <controls>
        <control type="group" id="802">
            <visible>[!String.IsEmpty(Window.Property(show.OSD)) | Window.IsVisible(seekbar) | !String.IsEmpty(Window.Property(button.seek))] + !Window.IsVisible(osdvideosettings) + !Window.IsVisible(osdaudiosettings) + !Window.IsVisible(osdsubtitlesettings) + !Window.IsVisible(subtitlesearch) + !Window.IsActive(playerprocessinfo) + !Window.IsActive(selectdialog)</visible>
            <animation effect="fade" time="200" delay="200" end="0">Hidden</animation>
            <control type="group">
                <visible>String.IsEmpty(Window.Property(settings.visible)) + [Window.IsVisible(seekbar) | Window.IsVisible(videoosd) | Player.ShowInfo]</visible>
                <animation effect="fade" start="100" end="0">Hidden</animation>
                <posx>0</posx>
                <posy>0</posy>
                <control type="image">
                    <posx>0</posx>
                    <posy>0</posy>
                    <width>1920</width>
                    <height>1080</height>
                    <texture>script.plex/player-fade.png</texture>
                    <colordiffuse>FF080808</colordiffuse>
                </control>
            </control>

            <control type="group">
                <posx>0</posx>
                <posy>0</posy>
                <control type="image">
                    <posx>0</posx>
                    <posy>0</posy>
                    <width>1920</width>
                    <height>140</height>
                    <texture>script.plex/white-square.png</texture>
                    <colordiffuse>A0000000</colordiffuse>
                </control>
                <control type="image">
                    <posx>0</posx>
                    <posy>940</posy>
                    <width>1920</width>
                    <height>140</height>
                    <texture>script.plex/white-square.png</texture>
                    <colordiffuse>A0000000</colordiffuse>
                </control>
            </control>

            <control type="group">
                <posx>0</posx>
                <posy>40</posy>
                <control type="label">
                    <visible>!String.IsEmpty(Window.Property(is.show))</visible>
                    <posx>60</posx>
                    <posy>0</posy>
                    <width>1500</width>
                    <height>60</height>
                    <font>font13</font>
                    <align>left</align>
                    <aligny>center</aligny>
                    <textcolor>FFFFFFFF</textcolor>
                    <label>[B]$INFO[VideoPlayer.TVShowTitle][/B]$INFO[VideoPlayer.Title, &#8226; ]$INFO[VideoPlayer.Season, &#8226; Season ]$INFO[VideoPlayer.Episode, Episode ]</label>
                </control>
                <control type="label">
                    <visible>String.IsEmpty(Window.Property(is.show))</visible>
                    <posx>60</posx>
                    <posy>0</posy>
                    <width>1500</width>
                    <height>60</height>
                    <font>font13</font>
                    <align>left</align>
                    <aligny>center</aligny>
                    <textcolor>FFFFFFFF</textcolor>
                    <label>[B]$INFO[VideoPlayer.Title][/B]$INFO[VideoPlayer.Year, &#8226; ]</label>
                </control>
                <control type="label">
                    <posx>1860</posx>
                    <posy>0</posy>
                    <width>300</width>
                    <height>60</height>
                    <font>font12</font>
                    <align>right</align>
                    <aligny>center</aligny>
                    <textcolor>FFFFFFFF</textcolor>
                    <label>$INFO[System.Time]</label>
                </control>
            </control>

            <control type="group">
                <posx>0</posx>
                <posy>965</posy>
                <control type="label">
                    <visible>!String.IsEmpty(Window.Property(direct.play))</visible>
                    <posx>60</posx>
                    <posy>0</posy>
                    <width>1000</width>
                    <height>60</height>
                    <font>font13</font>
                    <align>left</align>
                    <aligny>center</aligny>
                    <textcolor>FFFFFFFF</textcolor>
                    <label>$INFO[Player.Time($INFO[Window.Property(time.fmt)])]</label>
                </control>
                <control type="label">
                    <visible>String.IsEmpty(Window.Property(direct.play))</visible>
                    <posx>60</posx>
                    <posy>0</posy>
                    <width>1000</width>
                    <height>60</height>
                    <font>font13</font>
                    <align>left</align>
                    <aligny>center</aligny>
                    <textcolor>FFFFFFFF</textcolor>
                    <label>$INFO[Window.Property(time.current)]</label>
                </control>
                <control type="label">
                    <visible>Player.IsTempo</visible>
                    <posx>60</posx>
                    <posy>40</posy>
                    <width>1000</width>
                    <height>60</height>
                    <font>font13</font>
                    <align>left</align>
                    <aligny>center</aligny>
                    <textcolor>A0FFFFFF</textcolor>
                    <label>$INFO[Player.PlaySpeed]x</label>
                </control>
                <control type="label">
                    <visible>!String.IsEmpty(Window.Property(direct.play))</visible>
                    <posx>1860</posx>
                    <posy>0</posy>
                    <width>800</width>
                    <height>60</height>
                    <font>font13</font>
                    <align>right</align>
                    <aligny>center</aligny>
                    <textcolor>FFFFFFFF</textcolor>
                    <label>$INFO[Player.TimeRemaining($INFO[Window.Property(time.fmt)])]</label>
                </control>
                <control type="label">
                    <visible>String.IsEmpty(Window.Property(direct.play))</visible>
                    <posx>1860</posx>
                    <posy>0</posy>
                    <width>800</width>
                    <height>60</height>
                    <font>font13</font>
                    <align>right</align>
                    <aligny>center</aligny>
                    <textcolor>FFFFFFFF</textcolor>
                    <label>$INFO[Window.Property(time.left)]</label>
                </control>
                <control type="label">
                    <visible>!String.IsEmpty(Window.Property(media.show_ends)) + !String.IsEmpty(Window.Property(direct.play))</visible>
                    <posx>1860</posx>
                    <posy>40</posy>
                    <width>800</width>
                    <height>60</height>
                    <font>font13</font>
                    <align>right</align>
                    <aligny>center</aligny>
                    <textcolor>A0FFFFFF</textcolor>
                    <label>$INFO[Window.Property(time.ends_label)] $INFO[Player.FinishTime($INFO[Window.Property(time.fmt.ends)])]</label>
                </control>
                <control type="label">
                    <visible>!String.IsEmpty(Window.Property(media.show_ends)) + String.IsEmpty(Window.Property(direct.play))</visible>
                    <posx>1860</posx>
                    <posy>40</posy>
                    <width>800</width>
                    <height>60</height>
                    <font>font13</font>
                    <align>right</align>
                    <aligny>center</aligny>
                    <textcolor>A0FFFFFF</textcolor>
                    <label>$INFO[Window.Property(time.ends_label)] $INFO[Window.Property(time.end)]</label>
                </control>
                <control type="label">
                    <visible>Player.Paused + String.IsEmpty(Window.Property(show.OSD))</visible>
                    <animation effect="fade" time="200" delay="200" end="100">Visible</animation>
                    <posx>0</posx>
                    <posy>20</posy>
                    <width>1920</width>
                    <height>60</height>
                    <font>font13</font>
                    <align>center</align>
                    <aligny>center</aligny>
                    <textcolor>FFCC7B19</textcolor>
                    <label>[UPPERCASE]$ADDON[script.plexmod 32436][/UPPERCASE]</label>
                </control>
            </control>

            <control type="group">
                <posx>0</posx>
                <posy>940</posy>
                <control type="image">
                    <posx>0</posx>
                    <posy>0</posy>
                    <width>1920</width>
                    <height>10</height>
                    <texture>script.plex/white-square.png</texture>
                    <colordiffuse>A0000000</colordiffuse>
                </control>
                <control type="image" id="206">
                    <visible>!String.IsEmpty(Window.Property(show.buffer))</visible>
                    <posx>0</posx>
                    <posy>2</posy>
                    <width>1</width>
                    <height>6</height>
                    <texture>script.plex/white-square.png</texture>
                    <colordiffuse>EE4E4842</colordiffuse>
                </control>
                <control type="image" id="201">
                    <posx>0</posx>
                    <posy>2</posy>
                    <width>1</width>
                    <height>6</height>
                    <texture>script.plex/white-square.png</texture>
                    <colordiffuse>FFAC5B00</colordiffuse>
                </control>
                <control type="image" id="200">
                    <visible>Control.HasFocus(100) | !String.IsEmpty(Window.Property(button.seek))</visible>
                    <posx>0</posx>
                    <posy>2</posy>
                    <width>1</width>
                    <height>6</height>
                    <texture>script.plex/white-square.png</texture>
                    <colordiffuse>FFE5A00D</colordiffuse>
                </control>
            </control>
        </control>
        <control type="button" id="800">
            <visible allowhiddenfocus="true">String.IsEmpty(Window.Property(show.OSD))</visible>
            <posx>0</posx>
            <posy>0</posy>
            <width>1920</width>
            <height>1080</height>
            <texturefocus>-</texturefocus>
            <texturenofocus>-</texturenofocus>
            <label> </label>
            <onclick condition="String.IsEmpty(Window.Property(button.seek)) + String.IsEmpty(Window.Property(marker.countdown))">SetProperty(show.OSD,1)</onclick>
        </control>

        <!-- PPI -->
        <control type="group" id="803">
            <bottom>0</bottom>
            <height>350</height>
            <visible>!String.IsEmpty(Window.Property(show.PPI)) + String.IsEmpty(Window.Property(settings.visible)) + String.IsEmpty(Window.Property(playlist.visible))</visible>
            <animation effect="fade" start="0" end="100" time="300">Visible</animation>
	        <animation effect="fade" start="100" end="0" time="200">Hidden</animation>
            <control type="image">
                <left>10</left>
                <top>-220</top>
                <right>10</right>
                <height>420</height>
                <texture border="40">buttons/dialogbutton-nofo.png</texture>
            </control>
            <control type="grouplist">
                <left>52</left>
                <top>-184</top>
                <width>1786</width>
                <height>350</height>
                <orientation>horizontal</orientation>
                <itemgap>10</itemgap>
                <control type="grouplist">
                    <left>0</left>
                    <top>0</top>
                    <width>793</width>
                    <control type="label">
                        <width>793</width>
                        <height>50</height>
                        <aligny>bottom</aligny>
                        <label>$INFO[Player.Process(videodecoder),[COLOR FFE5A00D]$LOCALIZE[31139]:[/COLOR] ]$VAR[VideoHWDecoder, (,)]</label>
                        <font>font14</font>
                        <shadowcolor>black</shadowcolor>
                        <visible>Player.HasVideo</visible>
                    </control>
                    <control type="label">
                        <width>793</width>
                        <height>50</height>
                        <aligny>bottom</aligny>
                        <label>$INFO[Player.Process(pixformat),[COLOR FFE5A00D]$LOCALIZE[31140]:[/COLOR] ]</label>
                        <font>font14</font>
                        <shadowcolor>black</shadowcolor>
                        <visible>Player.HasVideo</visible>
                    </control>
                    <control type="label">
                        <width>793</width>
                        <height>50</height>
                        <aligny>bottom</aligny>
                        <label>$INFO[Player.Process(deintmethod),[COLOR FFE5A00D]$LOCALIZE[16038]:[/COLOR] ]</label>
                        <font>font14</font>
                        <shadowcolor>black</shadowcolor>
                        <visible>Player.HasVideo</visible>
                    </control>
                    <control type="label">
                        <width>793</width>
                        <height>50</height>
                        <aligny>bottom</aligny>
                        <label>$INFO[Player.Process(videowidth),[COLOR FFE5A00D]$LOCALIZE[38031]:[/COLOR] ,x]$INFO[Player.Process(videoheight),, px]$INFO[Player.Process(videodar),$COMMA , AR]$INFO[Player.Process(videofps),$COMMA , FPS]</label>
                        <font>font14</font>
                        <shadowcolor>black</shadowcolor>
                        <visible>Player.HasVideo</visible>
                    </control>
                    <control type="textbox">
                        <width>793</width>
                        <height>50</height>
                        <aligny>bottom</aligny>
                        <autoscroll delay="1000" time="1000" repeat="2000"></autoscroll>
                        <label>[COLOR FFE5A00D]$LOCALIZE[460]:[/COLOR] $INFO[Player.Process(audiochannels),,$COMMA ]$INFO[Player.Process(audiodecoder)]$INFO[Player.Process(audiobitspersample),$COMMA , bits]$INFO[Player.Process(audiosamplerate),$COMMA , Hz]</label>
                        <font>font14</font>
                        <shadowcolor>black</shadowcolor>
                    </control>
                    <control type="label">
                        <width>793</width>
                        <height>50</height>
                        <aligny>bottom</aligny>
                        <label>$INFO[System.Memory(used.percent),[COLOR FFE5A00D]$LOCALIZE[31030]:[/COLOR] ,]</label>
                        <font>font14</font>
                        <shadowcolor>black</shadowcolor>
                    </control>
                </control>
                <control type="grouplist">
                    <left>0</left>
                    <top>0</top>
                    <width>993</width>
                    <control type="label">
                        <width>893</width>
                        <height>50</height>
                        <aligny>bottom</aligny>
                        <label>$INFO[Window.Property(ppi.Status)]</label>
                        <font>font14</font>
                        <shadowcolor>black</shadowcolor>
                        <visible>Player.HasVideo + !String.IsEmpty(Window.Property(ppi.Status))</visible>
                    </control>
                    <control type="label">
                        <width>893</width>
                        <height>50</height>
                        <aligny>bottom</aligny>
                        <label>[COLOR FFE5A00D]Mode:[/COLOR] $INFO[Window.Property(ppi.Mode)]</label>
                        <font>font14</font>
                        <shadowcolor>black</shadowcolor>
                        <visible>Player.HasVideo + !String.IsEmpty(Window.Property(ppi.Mode))</visible>
                    </control>
                    <control type="label">
                        <width>893</width>
                        <height>50</height>
                        <aligny>bottom</aligny>
                        <label>[COLOR FFE5A00D]Container:[/COLOR] $INFO[Window.Property(ppi.Container)]</label>
                        <font>font14</font>
                        <shadowcolor>black</shadowcolor>
                        <visible>Player.HasVideo + !String.IsEmpty(Window.Property(ppi.Container))</visible>
                    </control>
                    <control type="label">
                        <width>893</width>
                        <height>50</height>
                        <aligny>bottom</aligny>
                        <label>[COLOR FFE5A00D]Video:[/COLOR] $INFO[Window.Property(ppi.Video)]</label>
                        <font>font14</font>
                        <shadowcolor>black</shadowcolor>
                        <visible>Player.HasVideo + !String.IsEmpty(Window.Property(ppi.Video))</visible>
                    </control>
                    <control type="label">
                        <width>893</width>
                        <height>50</height>
                        <aligny>bottom</aligny>
                        <label>[COLOR FFE5A00D]Audio:[/COLOR] $INFO[Window.Property(ppi.Audio)]</label>
                        <font>font14</font>
                        <shadowcolor>black</shadowcolor>
                        <visible>Player.HasVideo + !String.IsEmpty(Window.Property(ppi.Audio))</visible>
                    </control>
                    <control type="label">
                        <width>893</width>
                        <height>50</height>
                        <aligny>bottom</aligny>
                        <label>[COLOR FFE5A00D]Subtitle:[/COLOR] $INFO[Window.Property(ppi.Subtitles)]</label>
                        <font>font14</font>
                        <shadowcolor>black</shadowcolor>
                        <visible>Player.HasVideo + !String.IsEmpty(Window.Property(ppi.Subtitles))</visible>
                    </control>
                    <control type="label">
                        <width>893</width>
                        <height>50</height>
                        <aligny>bottom</aligny>
                        <label>[COLOR FFE5A00D]Server:[/COLOR] $INFO[Window.Property(ppi.User)]</label>
                        <font>font14</font>
                        <shadowcolor>black</shadowcolor>
                        <visible>Player.HasVideo + !String.IsEmpty(Window.Property(ppi.User))</visible>
                    </control>
                    <control type="label">
                        <width>893</width>
                        <height>50</height>
                        <aligny>bottom</aligny>
                        <label>[COLOR FFE5A00D]Buffer:[/COLOR] $INFO[Player.CacheLevel]%</label>
                        <font>font14</font>
                        <shadowcolor>black</shadowcolor>
                        <visible>Player.HasVideo + String.IsEmpty(Window.Property(ppi.Buffered))</visible>
                    </control>
                    <control type="label">
                        <width>893</width>
                        <height>50</height>
                        <aligny>bottom</aligny>
                        <label>[COLOR FFE5A00D]Buffer:[/COLOR] $INFO[Window.Property(ppi.Buffered)]% (% of Video cached)</label>
                        <font>font14</font>
                        <shadowcolor>black</shadowcolor>
                        <visible>Player.HasVideo + !String.IsEmpty(Window.Property(ppi.Buffered))</visible>
                    </control>
                </control>
            </control>
            <control type="label">
                <left>52</left>
                <top>120</top>
                <width>1786</width>
                <height>50</height>
                <aligny>bottom</aligny>
                <label>$INFO[System.CpuUsage,[COLOR FFE5A00D]$LOCALIZE[13271][/COLOR] ]</label>
                <font>font14</font>
                <shadowcolor>black</shadowcolor>
            </control>
		</control>
        <control type="group" id="801">
            <visible>!String.IsEmpty(Window.Property(show.OSD)) + !Window.IsVisible(osdvideosettings) + !Window.IsVisible(osdaudiosettings) + !Window.IsVisible(osdsubtitlesettings) + !Window.IsVisible(subtitlesearch) + !Window.IsActive(playerprocessinfo) + !Window.IsActive(selectdialog)</visible>
            <animation effect="fade" time="200" delay="200" end="0">Hidden</animation>
            <control type="group" id="300">
                <visible>!String.IsEmpty(Window.Property(has.bif)) + [Control.HasFocus(100) | Control.HasFocus(501) | !String.IsEmpty(Window.Property(button.seek))]</visible>
                <animation effect="fade" time="100" delay="100" end="100">Visible</animation>
                <posx>0</posx>
                <posy>752</posy>
                <control type="image">
                    <posx>0</posx>
                    <posy>0</posy>
                    <width>324</width>
                    <height>184</height>
                    <texture>script.plex/white-square.png</texture>
                    <colordiffuse>FF000000</colordiffuse>
                </control>
                <control type="image">
                    <posx>2</posx>
                    <posy>2</posy>
                    <width>320</width>
                    <height>180</height>
                    <fadetime>10</fadetime>
                    <texture>$INFO[Window.Property(bif.image)]</texture>
                </control>
            </control>

            <control type="grouplist" id="400">
                <defaultcontrol>406</defaultcontrol>
                <hitrect x="460" y="998" w="1000" h="55" />
                <posx>360</posx>
                <posy>964</posy>
                <width>1200</width>

                <height>124</height>
                <align>center</align>
                <onup>100</onup>
                <itemgap>-40</itemgap>
                <orientation>horizontal</orientation>
                <scrolltime tween="quadratic" easing="out">200</scrolltime>
                <usecontrolcoords>true</usecontrolcoords>
                <control type="group" id="421">
                    <visible>!String.IsEmpty(Window.Property(nav.repeat))</visible>
                    <animation effect="zoom" start="100" end="124" time="100" center="63,50" reversible="false" condition="Control.HasFocus(401)">Conditional</animation>
                    <animation effect="zoom" start="124" end="100" time="100" center="63,50" reversible="false" condition="!Control.HasFocus(401)">Conditional</animation>
                    <width>125</width>
                    <height>101</height>
                    <control type="button" id="401">
                        <hitrect x="28" y="28" w="69" h="45" />
                        <posx>0</posx>
                        <posy>0</posy>
                        <width>125</width>
                        <height>101</height>
                        <onup>100</onup>
                        <onright>402</onright>
                        <onleft>412</onleft>
                        <font>font12</font>
                        <texturefocus>-</texturefocus>
                        <texturenofocus>-</texturenofocus>
                        <label> </label>
                    </control>
                    <control type="group">
                        <visible>!Control.HasFocus(401)</visible>
                        <control type="image">
                            <visible>!Playlist.IsRepeatOne + !Playlist.IsRepeat + String.IsEmpty(Window.Property(pq.repeat))</visible>
                            <posx>0</posx>
                            <posy>0</posy>
                            <width>125</width>
                            <height>101</height>
                            <texture colordiffuse="99FFFFFF">script.plex/buttons/repeat.png</texture>
                        </control>
                        <control type="image">
                            <visible>Playlist.IsRepeat | !String.IsEmpty(Window.Property(pq.repeat))</visible>
                            <posx>0</posx>
                            <posy>0</posy>
                            <width>125</width>
                            <height>101</height>
                            <texture colordiffuse="FFCC7B19">script.plex/buttons/repeat.png</texture>
                        </control>
                        <control type="image">
                            <visible>Playlist.IsRepeatOne | !String.IsEmpty(Window.Property(pq.repeat.one))</visible>
                            <posx>0</posx>
                            <posy>0</posy>
                            <width>125</width>
                            <height>101</height>
                            <texture colordiffuse="FFCC7B19">script.plex/buttons/repeat-one.png</texture>
                        </control>
                    </control>
                    <control type="group">
                        <visible>Control.HasFocus(401)</visible>
                        <control type="image">
                            <visible>!Playlist.IsRepeatOne + !Playlist.IsRepeat + String.IsEmpty(Window.Property(pq.repeat))</visible>
                            <posx>0</posx>
                            <posy>0</posy>
                            <width>125</width>
                            <height>101</height>
                            <texture colordiffuse="FFE5A00D">script.plex/buttons/repeat-focus.png</texture>
                        </control>
                        <control type="image">
                            <visible>Playlist.IsRepeat | !String.IsEmpty(Window.Property(pq.repeat))</visible>
                            <posx>0</posx>
                            <posy>0</posy>
                            <width>125</width>
                            <height>101</height>
                            <texture colordiffuse="FFCC7B19">script.plex/buttons/repeat-focus.png</texture>
                        </control>
                        <control type="image">
                            <visible>Playlist.IsRepeatOne | !String.IsEmpty(Window.Property(pq.repeat.one))</visible>
                            <posx>0</posx>
                            <posy>0</posy>
                            <width>125</width>
                            <height>101</height>
                            <texture colordiffuse="FFCC7B19">script.plex/buttons/repeat-one-focus.png</texture>
                        </control>
                    </control>
                </control>

                <control type="togglebutton" id="402">
                    <visible>!String.IsEmpty(Window.Property(has.playlist)) + !String.IsEmpty(Window.Property(nav.shuffle))</visible>
                    <animation effect="zoom" start="100" end="124" time="100" center="63,50" reversible="false">Focus</animation>
                    <animation effect="zoom" start="124" end="100" time="100" center="63,50" reversible="false">UnFocus</animation>
                    <hitrect x="28" y="28" w="69" h="45" />
                    <posx>0</posx>
                    <posy>0</posy>
                    <width>125</width>
                    <height>101</height>
                    <font>font12</font>
                    <texturefocus colordiffuse="FFE5A00D">script.plex/buttons/shuffle-focus.png</texturefocus>
                    <texturenofocus colordiffuse="99FFFFFF">script.plex/buttons/shuffle.png</texturenofocus>
                    <usealttexture>!String.IsEmpty(Window.Property(pq.shuffled))</usealttexture>
                    <alttexturefocus colordiffuse="FFCC7B19">script.plex/buttons/shuffle-focus.png</alttexturefocus>
                    <alttexturenofocus colordiffuse="FFCC7B19">script.plex/buttons/shuffle.png</alttexturenofocus>
                    <label> </label>
                </control>
                <control type="button" id="422">
                    <enable>false</enable>
                    <visible>String.IsEmpty(Window.Property(has.playlist)) + !String.IsEmpty(Window.Property(nav.shuffle))</visible>
                    <posx>0</posx>
                    <posy>0</posy>
                    <width>125</width>
                    <height>101</height>
                    <font>font12</font>
                    <texturefocus colordiffuse="40FFFFFF">script.plex/buttons/shuffle-focus.png</texturefocus>
                    <texturenofocus colordiffuse="40FFFFFF">script.plex/buttons/shuffle.png</texturenofocus>
                    <label> </label>
                </control>

                <control type="button" id="403">
                    <animation effect="zoom" start="100" end="124" time="100" center="63,50" reversible="false">Focus</animation>
                    <animation effect="zoom" start="124" end="100" time="100" center="63,50" reversible="false">UnFocus</animation>
                    <hitrect x="28" y="28" w="69" h="45" />
                    <posx>0</posx>
                    <posy>0</posy>
                    <width>125</width>
                    <height>101</height>
                    <font>font12</font>
                    <texturefocus colordiffuse="FFE5A00D">script.plex/buttons/settings-focus.png</texturefocus>
                    <texturenofocus colordiffuse="99FFFFFF">script.plex/buttons/settings.png</texturenofocus>
                    <label> </label>
                </control>


                <control type="button" id="404">
                    <visible>!String.IsEmpty(Window.Property(pq.hasprev)) + !String.IsEmpty(Window.Property(nav.prevnext))</visible>
                    <animation effect="zoom" start="100" end="124" time="100" center="93,50" reversible="false">Focus</animation>
                    <animation effect="zoom" start="124" end="100" time="100" center="93,50" reversible="false">UnFocus</animation>
                    <hitrect x="58" y="28" w="69" h="45" />
                    <posx>30</posx>
                    <posy>0</posy>
                    <width>125</width>
                    <height>101</height>
                    <font>font12</font>
                    <texturefocus flipx="true" colordiffuse="FFE5A00D">script.plex/buttons/next-focus.png</texturefocus>
                    <texturenofocus flipx="true" colordiffuse="99FFFFFF">script.plex/buttons/next.png</texturenofocus>
                    <label> </label>
                </control>
                <control type="button" id="424">
                    <enable>false</enable>
                    <visible>String.IsEmpty(Window.Property(pq.hasprev)) + !String.IsEmpty(Window.Property(nav.prevnext))</visible>
                    <posx>30</posx>
                    <posy>0</posy>
                    <width>125</width>
                    <height>101</height>
                    <font>font12</font>
                    <texturefocus flipx="true" colordiffuse="40FFFFFF">script.plex/buttons/next-focus.png</texturefocus>
                    <texturenofocus flipx="true" colordiffuse="40FFFFFF">script.plex/buttons/next.png</texturenofocus>
                    <label> </label>
                </control>
                <control type="button" id="405">
                    <visible>!String.IsEmpty(Window.Property(nav.ffwdrwd))</visible>
                    <animation effect="zoom" start="100" end="124" time="100" center="63,50" reversible="false">Focus</animation>
                    <animation effect="zoom" start="124" end="100" time="100" center="63,50" reversible="false">UnFocus</animation>
                    <hitrect x="28" y="28" w="69" h="45" />
                    <posx>0</posx>
                    <posy>0</posy>
                    <width>125</width>
                    <height>101</height>
                    <font>font12</font>
                    <texturefocus flipx="true" colordiffuse="FFE5A00D">script.plex/buttons/skip-forward-focus.png</texturefocus>
                    <texturenofocus flipx="true" colordiffuse="99FFFFFF">script.plex/buttons/skip-forward.png</texturenofocus>
                    <label> </label>
                </control>

                <control type="group" id="426">
                    <animation effect="zoom" start="100" end="124" time="100" center="63,50" reversible="false" condition="Control.HasFocus(406)">Conditional</animation>
                    <animation effect="zoom" start="124" end="100" time="100" center="63,50" reversible="false" condition="!Control.HasFocus(406)">Conditional</animation>
                    <width>125</width>
                    <height>101</height>
                    <control type="button" id="406">
                        <hitrect x="28" y="28" w="69" h="45" />
                        <posx>0</posx>
                        <posy>0</posy>
                        <width>125</width>
                        <height>101</height>
                        <onup>100</onup>
                        <onright>407</onright>
                        <onleft>405</onleft>
                        <font>font12</font>
                        <texturefocus>-</texturefocus>
                        <texturenofocus>-</texturenofocus>
                        <label> </label>
                        <onclick>PlayerControl(Play)</onclick>
                    </control>
                    <control type="group">
                        <visible>!Control.HasFocus(406)</visible>
                        <control type="image">
                            <visible>!Player.Paused + !Player.Forwarding + !Player.Rewinding</visible>
                            <posx>0</posx>
                            <posy>0</posy>
                            <width>125</width>
                            <height>101</height>
                            <texture colordiffuse="99FFFFFF">script.plex/buttons/pause.png</texture>
                        </control>
                        <control type="image">
                            <visible>Player.Paused | Player.Forwarding | Player.Rewinding</visible>
                            <posx>0</posx>
                            <posy>0</posy>
                            <width>125</width>
                            <height>101</height>
                            <texture colordiffuse="99FFFFFF">script.plex/buttons/play.png</texture>
                        </control>
                    </control>
                    <control type="group">
                        <visible>Control.HasFocus(406)</visible>
                        <control type="image">
                            <visible>!Player.Paused + !Player.Forwarding + !Player.Rewinding</visible>
                            <posx>0</posx>
                            <posy>0</posy>
                            <width>125</width>
                            <height>101</height>
                            <texture colordiffuse="FFE5A00D">script.plex/buttons/pause-focus.png</texture>
                        </control>
                        <control type="image">
                            <visible>Player.Paused | Player.Forwarding | Player.Rewinding</visible>
                            <posx>0</posx>
                            <posy>0</posy>
                            <width>125</width>
                            <height>101</height>
                            <texture colordiffuse="FFE5A00D">script.plex/buttons/play-focus.png</texture>
                        </control>
                    </control>
                </control>

                <control type="button" id="407">
                    <animation effect="zoom" start="100" end="124" time="100" center="63,50" reversible="false">Focus</animation>
                    <animation effect="zoom" start="124" end="100" time="100" center="63,50" reversible="false">UnFocus</animation>
                    <hitrect x="28" y="28" w="69" h="45" />
                    <posx>0</posx>
                    <posy>0</posy>
                    <width>125</width>
                    <height>101</height>
                    <font>font12</font>
                    <texturefocus colordiffuse="FFE5A00D">script.plex/buttons/stop-focus.png</texturefocus>
                    <texturenofocus colordiffuse="99FFFFFF">script.plex/buttons/stop.png</texturenofocus>
                    <onclick>PlayerControl(Stop)</onclick>
                    <label> </label>
                </control>
                <control type="button" id="408">
                    <visible>!String.IsEmpty(Window.Property(nav.ffwdrwd))</visible>
                    <animation effect="zoom" start="100" end="124" time="100" center="63,50" reversible="false">Focus</animation>
                    <animation effect="zoom" start="124" end="100" time="100" center="63,50" reversible="false">UnFocus</animation>
                    <hitrect x="28" y="28" w="69" h="45" />
                    <posx>0</posx>
                    <posy>0</posy>
                    <width>125</width>
                    <height>101</height>
                    <font>font12</font>
                    <texturefocus colordiffuse="FFE5A00D">script.plex/buttons/skip-forward-focus.png</texturefocus>
                    <texturenofocus colordiffuse="99FFFFFF">script.plex/buttons/skip-forward.png</texturenofocus>
                    <label> </label>
                </control>
                <control type="button" id="409">
                    <visible>!String.IsEmpty(Window.Property(pq.hasnext)) + !String.IsEmpty(Window.Property(nav.prevnext))</visible>
                    <animation effect="zoom" start="100" end="124" time="100" center="63,50" reversible="false">Focus</animation>
                    <animation effect="zoom" start="124" end="100" time="100" center="63,50" reversible="false">UnFocus</animation>
                    <hitrect x="28" y="28" w="69" h="45" />
                    <posx>0</posx>
                    <posy>0</posy>
                    <width>125</width>
                    <height>101</height>
                    <font>font12</font>
                    <texturefocus colordiffuse="FFE5A00D">script.plex/buttons/next-focus.png</texturefocus>
                    <texturenofocus colordiffuse="99FFFFFF">script.plex/buttons/next.png</texturenofocus>
                    <label> </label>
                </control>
                <control type="button" id="419">
                    <enable>false</enable>
                    <visible>String.IsEmpty(Window.Property(pq.hasnext)) + !String.IsEmpty(Window.Property(nav.prevnext))</visible>
                    <posx>0</posx>
                    <posy>0</posy>
                    <width>125</width>
                    <height>101</height>
                    <texturefocus colordiffuse="40FFFFFF">script.plex/buttons/next-focus.png</texturefocus>
                    <texturenofocus colordiffuse="40FFFFFF">script.plex/buttons/next.png</texturenofocus>
                    <label> </label>
                </control>


                <control type="button" id="410">
                    <visible>[!String.IsEmpty(Window.Property(pq.hasnext)) | !String.IsEmpty(Window.Property(pq.hasprev))] + !String.IsEmpty(Window.Property(nav.playlist))</visible>
                    <animation effect="zoom" start="100" end="124" time="100" center="93,50" reversible="false">Focus</animation>
                    <animation effect="zoom" start="124" end="100" time="100" center="93,50" reversible="false">UnFocus</animation>
                    <hitrect x="58" y="28" w="69" h="45" />
                    <posx>30</posx>
                    <posy>0</posy>
                    <width>125</width>
                    <height>101</height>
                    <font>font12</font>
                    <texturefocus colordiffuse="FFE5A00D">script.plex/buttons/pqueue-focus.png</texturefocus>
                    <texturenofocus colordiffuse="99FFFFFF">script.plex/buttons/pqueue.png</texturenofocus>
                    <label> </label>
                </control>
                <control type="button" id="430">
                    <enable>false</enable>
                    <visible>String.IsEmpty(Window.Property(pq.hasnext)) + String.IsEmpty(Window.Property(pq.hasprev)) + !String.IsEmpty(Window.Property(nav.playlist))</visible>
                    <animation effect="zoom" start="100" end="124" time="100" center="93,50" reversible="false">Focus</animation>
                    <animation effect="zoom" start="124" end="100" time="100" center="93,50" reversible="false">UnFocus</animation>
                    <hitrect x="28" y="28" w="69" h="45" />
                    <posx>30</posx>
                    <posy>0</posy>
                    <width>125</width>
                    <height>101</height>
                    <font>font12</font>
                    <texturefocus colordiffuse="40FFFFFF">script.plex/buttons/pqueue-focus.png</texturefocus>
                    <texturenofocus colordiffuse="40FFFFFF">script.plex/buttons/pqueue.png</texturenofocus>
                    <label> </label>
                </control>
                <control type="button" id="412">
                    <visible>!String.IsEmpty(Window.Property(nav.quick_subtitles))</visible>
                    <animation effect="zoom" start="100" end="124" time="100" center="63,50" reversible="false">Focus</animation>
                    <animation effect="zoom" start="124" end="100" time="100" center="63,50" reversible="false">UnFocus</animation>
                    <hitrect x="28" y="28" w="69" h="45" />
                    <posx>0</posx>
                    <posy>0</posy>
                    <width>125</width>
                    <height>101</height>
                    <font>font12</font>
                    <texturefocus colordiffuse="FFE5A00D">script.plex/buttons/subtitle-focus.png</texturefocus>
                    <texturenofocus colordiffuse="99FFFFFF">script.plex/buttons/subtitle.png</texturenofocus>
                    <label> </label>
                </control>
            </control>

            <control type="group">
                <posx>0</posx>
                <posy>940</posy>
                <control type="button" id="100">
                    <hitrect x="0" y="-19" w="1920" h="48" />
                    <posx>0</posx>
                    <posy>0</posy>
                    <width>1920</width>
                    <height>10</height>
                    <onup>501</onup>
                    <ondown>400</ondown>
                    <texturefocus>-</texturefocus>
                    <texturenofocus>-</texturenofocus>
                </control>
            </control>

            <control type="group" id="500">
                <animation effect="slide" time="100" start="0,0" end="0,20" reversible="true" condition="Control.HasFocus(501) + String.IsEmpty(Window.Property(has.chapters))">Conditional</animation>

                <!-- CHAPTERS -->
                <animation effect="slide" time="100" start="0,0" end="0,-60" reversible="true" condition="Control.HasFocus(501) + !String.IsEmpty(Window.Property(has.chapters)) + !String.IsEmpty(Window.Property(show.chapters))">Conditional</animation>
                <!-- /CHAPTERS -->

                <visible>String.IsEmpty(Window.Property(mouse.mode)) + String.IsEmpty(Window.Property(hide.bigseek)) + [Control.HasFocus(501) | Control.HasFocus(100)] + [!String.IsEmpty(Window.Property(show.chapters)) | String.IsEmpty(Window.Property(has.chapters))]</visible>
                <posx>-8</posx>
                <posy>917</posy>
                <control type="image">
                    <posx>-200</posx>
                    <posy>5</posy>
                    <width>2320</width>
                    <height>6</height>
                    <texture>script.plex/white-square.png</texture>
                    <colordiffuse>A0000000</colordiffuse>
                    <visible>String.IsEmpty(Window.Property(has.chapters))</visible>
                </control>
                <!-- CHAPTERS -->
                <control type="image">
                    <posx>0</posx>
                    <posy>-175</posy>
                    <width>1928</width>
                    <height>200</height>
                    <texture>script.plex/white-square.png</texture>
                    <colordiffuse>A0000000</colordiffuse>
                    <visible>!String.IsEmpty(Window.Property(has.chapters))</visible>
                </control>
                <control type="label">
                    <posx>40</posx>
                    <posy>-162</posy>
                    <width>auto</width>
                    <height>20</height>
                    <font>font10</font>
                    <align>left</align>
                    <aligny>center</aligny>
                    <textcolor>CC606060</textcolor>
                    <label>$INFO[Window.Property(chapters.label)]</label>
                    <visible>!String.IsEmpty(Window.Property(has.chapters)) + !Control.HasFocus(501)</visible>
                </control>
                <control type="label">
                    <posx>40</posx>
                    <posy>-162</posy>
                    <width>auto</width>
                    <height>20</height>
                    <font>font10</font>
                    <align>left</align>
                    <aligny>center</aligny>
                    <textcolor>FFFFFFFF</textcolor>
                    <label>$INFO[Window.Property(chapters.label)]</label>
                    <visible>!String.IsEmpty(Window.Property(has.chapters)) + Control.HasFocus(501)</visible>
                </control>
                <!-- /CHAPTERS -->
                <control type="list" id="501">
                    <hitrect x="-20" y="-20" w="10" h="10" />
                    <posx>0</posx>
                    <posy>0</posy>
                    <width>1928</width>
                    <height>16</height>
                    <ondown>100</ondown>
                    <onfocus>SetProperty(hide.bigseek,)</onfocus>
                    <scrolltime>200</scrolltime>
                    <orientation>horizontal</orientation>
                    <preloaditems>4</preloaditems>
                    <!-- ITEM LAYOUT ########################################## -->
                    <itemlayout width="160" condition="String.IsEmpty(Window.Property(has.chapters))">
                        <control type="image">
                            <posx>0</posx>
                            <posy>0</posy>
                            <width>16</width>
                            <height>16</height>
                            <texture>script.plex/indicators/seek-selection-marker.png</texture>
                            <colordiffuse>FF606060</colordiffuse>
                        </control>
                    </itemlayout>

                    <!-- FOCUSED LAYOUT ####################################### -->
                    <focusedlayout width="160" condition="String.IsEmpty(Window.Property(has.chapters))">
                        <control type="image">
                            <visible>!Control.HasFocus(501)</visible>
                            <posx>0</posx>
                            <posy>0</posy>
                            <width>16</width>
                            <height>16</height>
                            <texture>script.plex/indicators/seek-selection-marker.png</texture>
                            <colordiffuse>FF606060</colordiffuse>
                        </control>
                        <control type="image">
                            <visible>Control.HasFocus(501)</visible>
                            <posx>0</posx>
                            <posy>0</posy>
                            <width>16</width>
                            <height>16</height>
                            <texture>script.plex/indicators/seek-selection-marker.png</texture>
                            <colordiffuse>FFE5A00D</colordiffuse>
                        </control>
                    </focusedlayout>

                    <!-- ITEM LAYOUT CHAPTERS ########################################## -->
                    <itemlayout width="218" condition="!String.IsEmpty(Window.Property(has.chapters))">
                        <control type="group">
                            <control type="image">
                                <posx>40</posx>
                                <posy>0</posy>
                                <width>178</width>
                                <height>100</height>
                                <texture>script.plex/thumb_fallbacks/movie16x9.png</texture>
                                <aspectratio>scale</aspectratio>
                                <colordiffuse>CC606060</colordiffuse>
                                <visible>!Control.HasFocus(501)</visible>
                            </control>
                            <control type="image">
                                <posx>40</posx>
                                <posy>0</posy>
                                <width>178</width>
                                <height>100</height>
                                <texture>$INFO[ListItem.Thumb]</texture>
                                <aspectratio>scale</aspectratio>
                                <colordiffuse>DDAAAAAA</colordiffuse>
                                <visible>!Control.HasFocus(501)</visible>
                            </control>
                            <control type="image">
                                <posx>40</posx>
                                <posy>0</posy>
                                <width>178</width>
                                <height>100</height>
                                <texture>script.plex/thumb_fallbacks/movie16x9.png</texture>
                                <aspectratio>scale</aspectratio>
                                <colordiffuse>FFAAAAAA</colordiffuse>
                                <visible>Control.HasFocus(501)</visible>
                            </control>
                            <control type="image">
                                <posx>40</posx>
                                <posy>0</posy>
                                <width>178</width>
                                <height>100</height>
                                <texture>$INFO[ListItem.Thumb]</texture>
                                <aspectratio>scale</aspectratio>
                                <colordiffuse>FFAAAAAA</colordiffuse>
                                <visible>Control.HasFocus(501)</visible>
                            </control>
                            <control type="label">
                                <posx>40</posx>
                                <posy>120</posy>
                                <width>auto</width>
                                <height>10</height>
                                <font>font10</font>
                                <align>center</align>
                                <aligny>center</aligny>
                                <textcolor>CC606060</textcolor>
                                <label>$INFO[ListItem.Label]</label>
                                <visible>!Control.HasFocus(501)</visible>
                            </control>
                            <control type="label">
                                <posx>40</posx>
                                <posy>120</posy>
                                <width>auto</width>
                                <height>10</height>
                                <font>font10</font>
                                <align>center</align>
                                <aligny>center</aligny>
                                <textcolor>FFAAAAAA</textcolor>
                                <label>$INFO[ListItem.Label]</label>
                                <visible>Control.HasFocus(501)</visible>
                            </control>
                        </control>
                    </itemlayout>

                    <!-- FOCUSED LAYOUT CHAPTERS ####################################### -->
                    <focusedlayout width="218" condition="!String.IsEmpty(Window.Property(has.chapters))">
                        <control type="group">
                            <control type="image">
                                <posx>40</posx>
                                <posy>0</posy>
                                <width>178</width>
                                <height>100</height>
                                <texture>script.plex/thumb_fallbacks/movie16x9.png</texture>
                                <aspectratio>scale</aspectratio>
                                <colordiffuse>CC909090</colordiffuse>
                                <visible>!Control.HasFocus(501)</visible>
                            </control>
                            <control type="image">
                                <posx>40</posx>
                                <posy>0</posy>
                                <width>178</width>
                                <height>100</height>
                                <texture>$INFO[ListItem.Thumb]</texture>
                                <aspectratio>scale</aspectratio>
                                <colordiffuse>FFAAAAAA</colordiffuse>
                                <visible>!Control.HasFocus(501)</visible>
                            </control>
                            <control type="image">
                                <posx>40</posx>
                                <posy>0</posy>
                                <width>178</width>
                                <height>100</height>
                                <texture>script.plex/thumb_fallbacks/movie16x9.png</texture>
                                <aspectratio>scale</aspectratio>
<!--                                <colordiffuse>FF606060</colordiffuse>-->
                                <visible>Control.HasFocus(501)</visible>
                            </control>
                            <control type="image">
                                <posx>40</posx>
                                <posy>0</posy>
                                <width>178</width>
                                <height>100</height>
                                <texture>$INFO[ListItem.Thumb]</texture>
                                <aspectratio>scale</aspectratio>
<!--                                <colordiffuse>FFFFFFFF</colordiffuse>-->
                                <visible>Control.HasFocus(501)</visible>
                            </control>
                            <control type="label">
                                <posx>40</posx>
                                <posy>120</posy>
                                <width>auto</width>
                                <height>10</height>
                                <font>font10</font>
                                <align>center</align>
                                <aligny>center</aligny>
                                <textcolor>FFAAAAAA</textcolor>
                                <label>$INFO[ListItem.Label]</label>
                                <visible>!Control.HasFocus(501)</visible>
                            </control>
                            <control type="label">
                                <posx>40</posx>
                                <posy>120</posy>
                                <width>auto</width>
                                <height>10</height>
                                <font>font10</font>
                                <align>center</align>
                                <aligny>center</aligny>
<!--                                <textcolor>FFFFFFFF</textcolor>-->
                                <label>[B]$INFO[ListItem.Label][/B]</label>
                                <visible>Control.HasFocus(501)</visible>
                            </control>
                        </control>
                    </focusedlayout>
                </control>
            </control>
        </control>
        <control type="group" id="202">
            <visible>Control.HasFocus(100) | Control.HasFocus(501) | !String.IsEmpty(Window.Property(button.seek))</visible>
            <posx>0</posx>
            <posy>896</posy>
            <control type="group" id="203">
                <posx>-50</posx>
                <posy>0</posy>
                <control type="image" id="204">
                    <animation effect="fade" time="100" delay="100" end="100">Visible</animation>
                    <posx>0</posx>
                    <posy>0</posy>
                    <width>101</width>
                    <height>39</height>
                    <texture>script.plex/indicators/player-selection-time_box.png</texture>
                    <colordiffuse>D0000000</colordiffuse>
                </control>
                <control type="label" id="205">
                    <posx>0</posx>
                    <posy>0</posy>
                    <width>101</width>
                    <height>40</height>
                    <font>font10</font>
                    <align>center</align>
                    <aligny>center</aligny>
                    <textcolor>FFFFFFFF</textcolor>
                    <label>$INFO[Window.Property(time.selection)]</label>
                </control>
            </control>
            <control type="image">
                <animation effect="fade" time="100" delay="100" end="100">Visible</animation>
                <posx>-6</posx>
                <posy>39</posy>
                <width>15</width>
                <height>7</height>
                <texture>script.plex/indicators/player-selection-time_arrow.png</texture>
                <colordiffuse>D0000000</colordiffuse>
            </control>
        </control>

        <!-- SKIP MARKER BUTTON -->
        <control type="grouplist" id="790">
            <right>30</right>
            <top>797</top>
            <width>1670</width>
            <height>143</height>
            <align>right</align>
            <orientation>horizontal</orientation>
            <control type="button" id="791">
                <visible>[!String.IsEmpty(Window.Property(show.markerSkip)) + String.IsEmpty(Window.Property(show.markerSkip_OSDOnly))] | [!String.IsEmpty(Window.Property(show.markerSkip_OSDOnly)) + !String.IsEmpty(Window.Property(show.OSD))]</visible>
                <animation effect="zoom" start="100" end="110,120" time="100" center="auto" reversible="false">Focus</animation>
                <animation effect="zoom" start="110,120" end="100" time="100" center="auto" reversible="false">UnFocus</animation>
                <animation type="Conditional" condition="String.IsEmpty(Window.Property(show.OSD)) + !Window.IsVisible(seekbar)" reversible="false">
                    <effect type="slide" end="0,100" time="100" delay="100"></effect>
                </animation>
                <width min="200">auto</width>
                <height>143</height>
                <align>center</align>
                <right>0</right>
                <top>0</top>
                <texturefocus colordiffuse="FFE5A00D" border="50">script.plex/buttons/blank-focus.png</texturefocus>
                <texturenofocus colordiffuse="99FFFFFF" border="50">script.plex/buttons/blank.png</texturenofocus>
                <textoffsetx>70</textoffsetx>
                <textcolor>FF000000</textcolor>
                <focusedcolor>FF000000</focusedcolor>
                <label>$INFO[Window.Property(skipMarkerName)]</label>
            </control>
        </control>
    </controls>
</window>
