<?xml version="1.0" encoding="UTF-8" standalone="yes"?>
<addon id="pannalkodi" name="kodirepo" version="0.1" provider-name="pannal">
    <extension point="xbmc.addon.repository" name="Pannal's Kodi Repo">
        <dir>
            <info compressed="false">https://raw.githubusercontent.com/pannal/kodirepo/master/zips/addons.xml</info>
            <checksum>https://raw.githubusercontent.com/pannal/kodirepo/master/zips/addons.xml.md5</checksum>
            <datadir zip="true">https://raw.githubusercontent.com/pannal/kodirepo/master/zips/</datadir>
        </dir>
    </extension>
    <extension point="xbmc.addon.metadata">
        <summary>kodirepo</summary>
        <description>Randomly reasonably stable hacked/improved/altered addons</description>
        <disclaimer></disclaimer>
        <platform>all</platform>
        <assets>
            <icon>icon.png</icon>
            <fanart>fanart.jpg</fanart>
        </assets>
    </extension>
</addon>