<?xml version="1.0" encoding="UTF-8" standalone="yes"?>
<addon id="script.plexmod"
       name="Plex"
       version="0.5.4"
       provider-name="pannal">
    <requires>
        <import addon="xbmc.python" version="2.26.0"/>
        <import addon="script.module.requests" version="2.22.0" />
        <import addon="script.module.six" version="1.15.0" />
        <import addon="script.module.kodi-six" version="0.1.3" />
    </requires>
    <extension point="xbmc.python.script" library="default.py">
        <provides>video</provides>
    </extension>
    <extension point="xbmc.python.pluginsource" library="plugin.py">
        <provides>executable</provides>
    </extension>
    <extension point="xbmc.service" library="service.py" />
    <extension point="xbmc.addon.metadata">
        <summary lang="en_GB">PlexMod for Kodi</summary>
        <description lang="en_GB">Unofficial Plex for Kodi add-on</description>
        <license>GPL-2.0-only</license>
        <forum>https://forums.plex.tv/t/plexmod-for-kodi-18-19-20-21/481208</forum>
        <website>https://www.plex.tv</website>
        <source>https://github.com/pannal/plex-for-kodi</source>
        <platform>all</platform>
        <news>
            - Store user thumbnail in cache (improves home "load" time)
            - Change client identifier from Plex-for-Kodi to PM4K;
              possibly fix "PlexNet" entries in Authorized Devices; might also break stuff, please report back
            - fix closing quote in chinese translation
            - Add missing German translations
            - Add "Ends at" to player ends-at time by default; add option to disable this label
            - Add fallback for missing audiooutput.channels setting (seems to affect libreelec only); relates to #48
            - Change resume dialog to show resume time (thanks @bowlingbeeg)
            - Add unwatched status to pre-play screen and add progress bars to more hubs (thanks @bowlingbeeg)
            - Fix missing parameters on Plex API queries (thanks @bowlingbeeg)
            - Add time left to pre-play screen (thanks @bowlingbeeg)
            - Fix audio/subtitle selection not updating correctly in pre-play screen (thanks @bowlingbeeg)
        </news>
        <assets>
            <icon>icon.png</icon>
            <fanart>fanart.jpg</fanart>
        </assets>
    </extension>
</addon>
