<?xml version="1.0" encoding="UTF-8" standalone="yes"?>
<addon id="script.plexmod"
       name="Plex"
       version="0.5.5"
       provider-name="pannal">
    <requires>
        <import addon="xbmc.python" version="2.26.0"/>
        <import addon="script.module.requests" version="2.22.0" />
        <import addon="script.module.six" version="1.15.0" />
        <import addon="script.module.kodi-six" version="0.1.3" />
    </requires>
    <extension point="xbmc.python.script" library="default.py">
        <provides>video</provides>
    </extension>
    <extension point="xbmc.python.pluginsource" library="plugin.py">
        <provides>executable</provides>
    </extension>
    <extension point="xbmc.service" library="service.py" />
    <extension point="xbmc.addon.metadata">
        <summary lang="en_GB">PlexMod for Kodi</summary>
        <description lang="en_GB">Unofficial Plex for Kodi add-on</description>
        <license>GPL-2.0-only</license>
        <forum>https://forums.plex.tv/t/plexmod-for-kodi-18-19-20-21/481208</forum>
        <website>https://www.plex.tv</website>
        <source>https://github.com/pannal/plex-for-kodi</source>
        <platform>all</platform>
        <news>
            - Add main setting to show the intro skip button early; enables recap skipping; works with auto-intro-skip!
            - Move some boolean settings from Main>Advanced to Main
            - Add main setting to use alternative home hubs refresh method introduced by @bowlingbeeg; default on
            - Add main setting to specify item-played-threshold in main settings, please sync with your Plex Server; possibly fixes edge cases (postplay/next-overskip issues)
            - Fix postplay timer-circle display on later (Nexus++?) Kodi versions
            - Rework time formatting and hour padding detection for "Ends at" display completely
            - Change watched status to also look at resume offset (thanks @bowlingbeeg)
            - Fix crash when background threads are still running on library exit (thanks @bowlingbeeg)
            - Fix playlist issues (thanks @bowlingbeeg)
            - Change look of letter jump list (thanks @bowlingbeeg)
            - Fix sorting/filtering issues (thanks @bowlingbeeg)
            - Add second view type for episodes and albums (thanks @bowlingbeeg)
            - Support showing collections inline (thanks @bowlingbeeg)
            - Add support for smaller poster size view (thanks @bowlingbeeg)
        </news>
        <assets>
            <icon>icon.png</icon>
            <fanart>fanart.jpg</fanart>
        </assets>
    </extension>
</addon>
