<?xml version="1.0" encoding="UTF-8" standalone="yes"?>
<addon id="script.plexmod"
       name="Plex"
       version="0.4.0"
       provider-name="pannal">
    <requires>
        <import addon="xbmc.python" version="2.26.0"/>
        <import addon="script.module.requests" version="2.22.0" />
        <import addon="script.module.six" version="1.13.0" />
        <import addon="script.module.kodi-six" version="0.1.3" />
    </requires>
    <extension point="xbmc.python.script" library="default.py">
        <provides>video</provides>
    </extension>
    <extension point="xbmc.python.pluginsource" library="plugin.py">
        <provides>executable</provides>
    </extension>
	<extension point="xbmc.ui.screensaver" library="screensaver.py"/>
    <extension point="xbmc.service" library="service.py" start="startup"></extension>
    <extension point="xbmc.addon.metadata">
        <summary lang="en">Plex for Kodi</summary>
        <summary lang="de">Plex für Kodi</summary>
        <summary lang="hu">Plex for Kodi</summary>
        <summary lang="it">Plex per Kodi</summary>
        <summary lang="ru">Plex for Kodi</summary>
        <description lang="en">Official Plex for Kodi add-on</description>
        <description lang="de">Offizielles Plex für Kodi Addon</description>
        <description lang="hu">Hivatalos Plex for Kodi add-on</description>
        <description lang="it">Addon ufficiale Plex per Kodi</description>
        <description lang="fr">Add-on Officiel Plex pour Kodi</description>
        <description lang="ru">Официальный аддон Plex for Kodi</description>
        <license>GNU GENERAL PUBLIC LICENSE. Version 2, June 1991</license>
        <forum>https://forums.plex.tv/tags/plex-for-kodi</forum>
        <website>https://www.plex.tv</website>
        <source>https://github.com/plexinc/plex-for-kodi</source>
        <platform>all</platform>
        <news>
Initial PlexMod for Kodi release, based on my plex-for-kodi fork's develop branch
Rename addon to "script.plexmod"
Add all non-plex-conform features of the develop branch as default features
        </news>
    </extension>
</addon>
