<?xml version="1.0" encoding="UTF-8" standalone="yes"?>
<addon id="script.plexmod"
       name="Plex"
       version="0.6.5+rev4"
       provider-name="pannal">
    <requires>
        <import addon="xbmc.python" version="2.26.0"/>
        <import addon="script.module.requests" version="2.22.0" />
        <import addon="script.module.six" version="1.15.0" />
        <import addon="script.module.kodi-six" version="0.1.3" />
    </requires>
    <extension point="xbmc.python.script" library="default.py">
        <provides>video</provides>
    </extension>
    <extension point="xbmc.python.pluginsource" library="plugin.py">
        <provides>executable</provides>
    </extension>
    <extension point="xbmc.service" library="service.py" />
    <extension point="xbmc.addon.metadata">
        <summary lang="en_GB">PlexMod for Kodi</summary>
        <description lang="en_GB">Unofficial Plex for Kodi add-on</description>
        <license>GPL-2.0-only</license>
        <forum>https://forums.plex.tv/t/plexmod-for-kodi-18-19-20-21/481208</forum>
        <website>https://www.plex.tv</website>
        <source>https://github.com/pannal/plex-for-kodi</source>
        <platform>all</platform>
        <news>
- Fix dropdown roundrobin needing two UPs if first selected item is item 0, introduced in 0.6.5
- Theme music: Harden BGM handler; wait for correct volume to be re-set, might fix not-so-rare stale volume issue
- Episodes: Show TV Show's other seasons in episodes window
        </news>
        <assets>
            <icon>icon.png</icon>
            <fanart>fanart.jpg</fanart>
        </assets>
    </extension>
</addon>
